"23287","Crowdfunding: Verkami"
"44377","History: Interwar period"
"51460","Series: 19xx (Looping Games)"
"61979","Players: Two Player Only Games"
"7691","Animals: Sharks"
"8374","Crowdfunding: Kickstarter"
"24169","Series: Get Bit Trilogy (Mayday Games)"
"22232","Theme: Robots"
"5338","Comic Books: Marvel Universe"
"66333","Series: 5-Minute (Connor Reid)"
"17935","Theme: Superheroes"
"65191","Components: Multi-Use Cards"
"44856","Game: 51st State"
"27646","Mechanism: Tableau Building"
"5666","Players: Games with Solitaire Rules"
"855","Setting: Neuroshima"
"41799","Theme: Post-Apocalyptic"
"7530","Animals: Cattle / Cows"
"70360","Digital Implementations: Board Game Arena"
"5012","Game: 6 nimmt!"
"66890","Misc: Lowest Score Wins"
"6485","Misc: Mensa Select"
"17552","Game: 7 Wonders"
"71181","Mechanism: Artificial Player"
"39540","Game: 7 Wonders Duel"
"65851","Players: Games with expansions that add solo play"
"62276","Versions & Editions: Two-Player Versions of More-Player Games"
"67583","Containers: Unique Shape"
"5841","Theme: Food / Cooking"
"48865","Theme: Gardening"
"20733","Characters: Frankenstein"
"66106","Theme: Journalism"
"22783","Admin: Better Description Needed!"
"25158","Components: Miniatures"
"70948","Digital Implementations: Tabletopia"
"57030","Series: Adventure games (Kosmos)"
"44345","Series: Family Games (HABA)"
"6471","Country: Egypt"
"10592","Game: The Adventurers"
"69209","Occupation: Adventurer / Explorer"
"21940","Theme: Archaeology / Paleontology"
"9976","Setting: Oniverse"
"19606","Animals: Hamsters"
"7269","Animals: Mice"
"62475","Components: Book as Board"
"24281","Mechanism: Campaign Games"
"56550","Series: AdventureBook Games (Plaid Hat)"
"65774","Theme: Anthropomorphic Animals"
"7523","Animals: Horses"
"7379","Animals: Pigs"
"7481","Animals: Sheep"
"64990","Components: Meeples (Animal) / Animeeples"
"68769","Components: Wooden pieces & boards"
"70361","Digital Implementations: Boiteajeux"
"3865","Game: Agricola"
"69363","Occupation: Farmer"
"3866","Series: Harvest (Uwe Rosenberg)"
"59705","Misc: LongPack Games"
"18698","Cities: Granada (Andalusia, Spain)"
"10310","Country: Spain"
"3431","Game: Alhambra"
"5679","Creatures: Aliens / Extraterrestrials"
"18211","Crowdfunding: ulule"
"46925","Game: Alien Frontiers"
"5141","Theme: Cthulhu Mythos"
"9961","Country: India"
"36540","Food & Drink: Tea"
"69725","Region: Bengal"
"28594","Series: Snowdonia Game System"
"21622","Theme: Colonial"
"5337","Collectible: Living Card Game (Fantasy Flight Games)"
"18254","Game: Android – Netrunner (LCG)"
"17106","Setting: Android"
"5611","Theme: Cyberpunk"
"20584","Theme: Hackers"
"69884","Series: Two-player games (Space Cowboys)"
"62080","Versions & Editions: Junior Versions of Grown-Up Games"
"24571","Components: Polyominoes"
"70706","Digital Implementations: Boardgamecore"
"62600","Components: 4 x 4 Grids"
"33","Game: Apples to Apples"
"46175","Mechanism: Judging Games"
"44095","Game: Bananagrams"
"62039","Word Games: Spelling / Letters"
"24439","Card Games: Draw and Discard"
"25706","Series: Dice Tower Essentials"
"66105","Theme: Under the Sea"
"27176","Series: Deluxe card game (Z-Man / Filosofia)"
"48871","Theme: Nature"
"57181","Theme: Trees and Forests"
"59218","Category: Dungeon Crawler"
"28338","Game: Arcadia Quest"
"5601","Theme: Anime / Manga"
"52433","Theme: Chibis"
"53400","Series: The West Kingdom Trilogy (Garphill Games)"
"66113","Theme: Construction"
"22184","Admin: Upcoming Releases"
"67953","Components: Map (City Scale)"
"62462","Game: Arkham Horror"
"71193","Game: Arkham Horror (Second Edition)"
"4311","Series: Arkham Horror Files (Fantasy Flight Games)"
"44835","Game: Arkham Noir (Yves Tourigny)"
"19528","Organizations: Forgenext"
"61977","Players: Solitaire Only Games"
"5614","Country: Portugal"
"56419","Theme: Art"
"45800","Series: IDW Games Atari"
"62355","Theme: Arcade Video Games"
"17514","Mythology: Atlantis"
"49383","Players: One versus Many"
"57039","Game: Azul"
"57934","Ancient: Mesopotamia"
"59608","Region: Middle East"
"27521","Rivers: Euphrates"
"27522","Rivers: Tigris"
"39912","Category: Tower Defense"
"7005","Creatures: Dragons"
"12016","Country: Bahamas"
"7178","Animals: Apes / Monkeys"
"64383","Food & Drink: Bananas"
"66553","Components: Control Boards"
"57497","Game: Barrage"
"37870","Theme: Dieselpunk"
"61748","Comic Books: Batman"
"5427","Comic Books: DC Universe"
"24595","Game: Zombie Dice"
"38880","TV Shows: Batman – The Animated Series"
"10634","Country: Japan"
"4712","Setting: Legend of the Five Rings"
"11518","Country: China"
"22883","Theme: Romance of the Three Kingdoms"
"2250","Traditional Card Games: Rummy"
"13437","Traditional Games: Mahjong"
"17620","Cities: Leipzig (Saxony, Germany)"
"10643","Country: Germany"
"65154","Theme: Animal Battles"
"26432","Category: Combinatorial"
"5607","Components: 3-Dimensional (3D)"
"44423","Series: Europe Collection (Blue Orange Games)"
"61206","Category: Two players fighting games"
"18031","Game: BattleCON"
"22829","Setting: World of Indines"
"7543","Animals: Alligators / Crocodiles"
"17170","Animals: Giraffes"
"11627","Animals: Hippopotamuses"
"7834","Animals: Lions"
"17023","Animals: Seals"
"17168","Animals: Skunks"
"7509","Animals: Snakes"
"19328","Animals: Zebras"
"7564","Animals: Bees"
"62079","Animals: Insects"
"54060","Game: Betrayal (Avalon Hill)"
"61993","Theme: Spooky Old Houses"
"48877","Components: Game Trayz Inside"
"57375","Game: Between Two Castles of Mad King Ludwig"
"50253","Game: Castles of Mad King Ludwig"
"60939","Theme: Books / Libraries"
"28948","Creatures: Bigfoot / Yeti / Sasquatch"
"7559","Animals: Dinosaurs"
"70588","Category: Sandbox"
"23433","Series: BIOS (Phil Eklund)"
"16886","Theme: Evolution"
"7507","Animals: Ants"
"18214","Cities: Berlin (Germany)"
"51732","Theme: Tropical Islands"
"10620","Country: Hong Kong"
"8164","Players: Wargames with Solitaire Rules"
"68558","Component: Dynamic Event Boards"
"64960","Components: Map (Continental / National scale)"
"53502","Game: Blood Rage"
"62773","Mythology: Norse"
"5613","Theme: Vikings"
"5615","Creatures: Monsters"
"41222","Mechanism: Roll-and-Write"
"6393","Theme: Flowers"
"61999","Theme: Boardgaming"
"50563","Crowdfunding: Zeczec"
"9302","Components: Letter Cubes / Word Dice"
"10257","Game: Boggle"
"5","Game: Bohnanza"
"18","Series: Bean Games (Lookout)"
"21203","Game: Boss Monster"
"67861","Theme: Villainy"
"46220","Game: Bottom of the 9th"
"5586","Sports: Baseball"
"50841","Series: Klein & Fein (Schmidt Spiele)"
"18237","Cities: New Orleans (Louisiana, USA)"
"19161","Cities: St Louis (Missouri, USA)"
"43649","States: Illinois"
"43653","States: Louisiana"
"43658","States: Mississippi"
"43659","States: Missouri"
"45609","Game: Broom Service"
"38406","Series: Alea Very Small Box"
"28880","Theme: Witches"
"62258","Versions & Editions: Card Versions of Non-Card Games"
"22971","Cities: Brussels (Belgium)"
"12226","Country: Belgium"
"57892","Game: Bruxelles 189X"
"6428","Creatures: Vampires"
"8278","TV Shows: Buffy the Vampire Slayer"
"19252","Animals: Cockroaches"
"68117","Components: Game Box Used In Play"
"6994","Animals: Frogs / Toads"
"44244","Series: Madison Game Design Cabal"
"22135","Crowdfunding: Spieleschmiede"
"67860","Theme: Criminality"
"14661","Theme: Mystery / Crime"
"71573","Theme: Retro"
"6258","Theme: Time Travel"
"7591","Animals: Butterflies"
"7760","Animals: Hedgehogs / Porcupines"
"57936","Mechanism: Maxit"
"18702","Cities: Istanbul (Turkey)"
"48576","Series: Small box (Lautapelit.fi)"
"6375","Series: Confrontation (Rackham Entertainment / Dust Games)"
"18646","Cities: Florence (Tuscany, Italy)"
"10579","Game: Call of Cthulhu – The Card Game (Fantasy Flight Games)"
"7757","Versions & Editions: Board Game Versions of Role-Playing Games"
"65120","Game: Call to Adventure"
"24440","Card Games: Exchange"
"46152","Traditional Games: Spoons"
"7334","Animals: Cats"
"60033","Game: The Captain is Dead!"
"45020","Game: Captain Sonar"
"56938","Mechanism: Hidden Movement"
"50007","Theme: Submarines"
"2829","Game: Car Wars"
"6480","Animals: Camels"
"67858","Cities: Carcassonne (France)"
"63523","Components: Meeples (Black)"
"63519","Components: Meeples (Blue)"
"63522","Components: Meeples (Green)"
"63520","Components: Meeples (Red)"
"63521","Components: Meeples (Yellow)"
"11006","Country: France"
"2","Game: Carcassonne"
"57940","Region: Languedoc (France)"
"27383","Continents: Africa"
"39902","Series: Carcassonne Around the World"
"23281","Game: Cardline"
"5606","Ancient: Rome"
"70354","Digital Implementations: Yucata"
"58","Series: Alea Big Box"
"64921","Series: Alea Revised Big Box"
"67862","Occupation: Merchant"
"66143","Mechanism: Flip-and-Write"
"52722","Setting: World of Ulos"
"65591","Brands: Television (TV) Networks"
"23550","Game: Cerberus Engine – Heroes"
"65494","Theme: Survival"
"22804","Region: Catalonia (Spain)"
"10640","Country: Greece"
"57501","Game: The Castles of Burgundy"
"57997","Region: Burgundy (France)"
"28659","Crowdfunding: Wspieram"
"26562","Game: Catacombs"
"5552","Mechanism: Finger Flicking Games"
"67874","Components: Hexagonal Tiles"
"3","Game: Catan"
"11505","Promotional: Promo Board Games"
"14835","Country: USA"
"20398","Series: Catan Histories"
"10166","Space: Earth's Moon"
"6363","Containers: Tubes"
"5840","Sports: Curling"
"7349","Animals: Dogs"
"7542","Animals: Donkeys"
"43538","Game: Caverna (Uwe Rosenberg)"
"21425","Theme: Mining"
"70","Game: Caylus"
"5610","Theme: Steampunk"
"47479","Game: Century (Plan B Games)"
"10626","Country: Sri Lanka"
"17676","Animals: Chameleons"
"46771","Game: Champions of Midgard"
"71084","Series: Book Box (DiceTree)"
"4024","Traditional Games: Chess"
"18227","Cities: Chicago (Illinois, USA)"
"131","Card Games: Climbing"
"8120","Card Games: Shedding / Stops"
"98","Components: Traditional Playing Cards"
"26496","Series: The E•G•G"
"56939","Books: Choose Your Own Adventure"
"26717","Components: Chopsticks"
"22861","Creatures: Goblins"
"48927","Game: Clank!"
"13105","Country: Scotland"
"50203","Crowdfunding: zagramw.to"
"59051","Series: Simply Complex line (Capstone Games)"
"48875","Category: MOBA"
"58071","Game: Cloudspire"
"5068","Books: A Song of Ice and Fire"
"71","Game: Cluedo / Clue (Parker Brothers, et al)"
"37062","Game: Codenames"
"66334","Mechanism: Give a Clue / Get a Clue"
"62861","Word Games: Guess the Word"
"5549","History: Age of Discovery"
"65163","Mechanism: Dice Drafting"
"3279","Game: Coloretto"
"18319","Theme: Tropical"
"17520","Cities: Paris (France)"
"39521","Theme: Painting / Paintings"
"51838","Game: Colt Express"
"43663","States: New Mexico"
"28722","Game: Concordia"
"58955","Region: Mediterranean Sea"
"11515","Country: Italy"
"54197","History: Italian City-States"
"3400","Series: Fantasy Flight Silver Line"
"46190","History: Cold War"
"72021","Series: Castle Line (Stronghold)"
"34116","Political: Elections"
"57679","Game: Cooper Island"
"19551","Cities: Copenhagen (Denmark)"
"10315","Country: Denmark"
"57043","Game: Copenhagen (Queen Games)"
"24255","Series: Yellow Wave Box (Queen)"
"57261","Animals: Coral / Jellyfish / Anemones"
"7975","Animals: Fish / Fishes"
"17527","Animals: Octopuses"
"67857","Ancient: Corinth"
"7759","Animals: Goats"
"61252","Series: Free PnP during 2019-2020 COVID-19 Pandemic (Asmodee)"
"62201","Versions & Editions: Dice Versions of Non-Dice Games"
"63122","Versions & Editions: Roll- or Flip-and-Write Versions of Non-Writing Games"
"48514","Series: Puzzle Trilogy (Uwe Rosenberg)"
"37838","Series: The Great Designers (Stronghold Games)"
"18236","Cities: Miami (Florida, USA)"
"47207","Series: Master Print Pocket (Quined)"
"7958","Series: Postcard Box Games (Indie Boards and Cards)"
"20304","Setting: Dystopian Universe (Indie Boards & Cards)"
"16972","Crowdfunding: Indiegogo"
"7306","Animals: Ducks"
"23890","Animals: Pigeons"
"7668","Animals: Squirrels"
"48750","Series: Graphic Novel Adventures (Makaka Editions)"
"47216","Game: Crystal Clans"
"17446","Cities: London (England)"
"19564","Contests: Solitaire Print & Play"
"65208","Mechanism: Partially overlapping cards"
"18981","Animals: Snails"
"65206","Components: Transparent Elements"
"22824","Series: Big in Japan (AEG)"
"43094","Series: Card Crafting System (AEG)"
"9640","Game: Cutthroat Caverns"
"65328","Components: Dice with Icons"
"41855","Series: Expert (Granna)"
"66169","Theme: My Best Life"
"68566","Cities: Taipei (Taiwan)"
"24433","Traditional Card Games: War"
"28244","Game: Darkest Night"
"10260","Series: Euro Games (Victory Point Games)"
"11257","Series: Cheapass Zombie"
"61897","Creatures: Zombies"
"26915","Series: Crossroads (Plaid Hat Games)"
"68738","Setting: Dead of Winter"
"46194","Game: Deception – Murder in Hong Kong"
"66140","Components: Polyhedral (not D6) dice"
"8162","Mechanism: Turnless Trading"
"5636","TV Shows: The Simpsons"
"4671","Game: Descent – Journeys in the Dark"
"5137","Setting: The Realms of Terrinoth"
"60651","Mechanism: Image Interpretation"
"33379","Series: Pocket Line (Stronghold)"
"60544","Game: Dice Settlers"
"12210","Mechanism: 4X"
"54297","Game: Dice Throne"
"63179","Game: The Crew"
"19298","Space: Earth's Solar System"
"14044","Theme: Hot Air Balloons"
"91","Series: Classic Line (Valley Games)"
"64997","Components: Meeples (Dinosaur) / Dinomeeples"
"56992","Game: Dinosaur Island"
"64968","Theme: Amusement Parks / Theme Parks"
"50153","Continents: Europe"
"63529","Country: Ottoman Empire"
"19265","Game: Diplomacy"
"56352","Components: Unique Game"
"46058","Game: Lewis & Clark"
"46059","Historical Figures: Lewis & Clark"
"43639","Theme: Native Americans / First Peoples"
"10723","Books: Discworld"
"4256","Series: Literature (Kosmos)"
"56989","Game: Disney Villainous"
"6819","Books: Alice in Wonderland"
"5597","Brands: Disney"
"19299","Creatures: Fairies / Elves / Pixies"
"11418","Folk Tales & Fairy Tales: Aladdin"
"9767","Folk Tales & Fairy Tales: Peter Pan"
"5660","Folk Tales & Fairy Tales: Robin Hood"
"11343","Folk Tales & Fairy Tales: The Little Mermaid"
"9644","Game: Dixit"
"68584","Game: Doctor Who – Time of the Daleks"
"5705","TV Shows: Doctor Who"
"5786","Sports: Combat Sports / Martial Arts"
"2580","Game: Dominion"
"63161","Components: Dry Erase Markers / Dry Erase Surfaces"
"48868","Mechanism: Drawing"
"64788","Cities: Atlantic City (New Jersey, USA)"
"57001","Game: Downforce"
"9862","Series: Auto Racing card system (Wolfgang Kramer)"
"6206","Sports: Auto Racing"
"44422","Series: Mad Scientist (Blue Orange Games)"
"57675","Game: Dragon Castle"
"70279","Contests: 18 Card Microgame"
"56318","Misc: No Table Needed"
"41463","Series: Small Box (Level 99 Games)"
"16839","Series: Mitbringspiele M (HABA)"
"3833","Series: Blue Games (Descartes)"
"61992","Game: Dragonfire"
"25404","Mechanism: Legacy"
"7307","Setting: Dungeons & Dragons"
"65322","Mechanism: Story Creation"
"60795","Theme: Dreams / Nightmares"
"5838","Books: Dune"
"13265","Theme: Deserts"
"63154","Game: Dungeon Drop"
"9547","Series: Dungeons & Dragons Adventure System Board Games"
"7576","Animals: Deer / Antelope"
"6979","Animals: Elephants"
"19030","Animals: Rhinoceroses"
"66772","Components: Drop Tower"
"57678","Game: Edge of Darkness"
"27050","Game: Eight-Minute Empire"
"28305","Game: Elder Sign"
"26704","Game: Eldritch Horror"
"62884","Components: Official Music Soundtrack"
"12809","Region: Arctic"
"40010","Series: Queen Kids"
"57292","Game: Epic Card Game"
"17928","Organizations: Gamesmiths"
"63335","Theme: Volcanoes"
"36900","Category: Escape Room Games"
"41489","Components: Digital Hybrid – App/Website Required"
"72224","Misc: Limited replayability"
"59983","Series: Escape Tales (Board&Dice)"
"23293","Game: Euphoria"
"43631","Space: Jupiter"
"57493","Game: Everdell"
"18983","Animals: Badgers"
"19070","Animals: Bats"
"45672","Animals: Birds"
"7544","Animals: Foxes"
"21462","Animals: Lizards"
"7835","Animals: Moles"
"18588","Animals: Owls"
"7366","Animals: Turtles"
"59442","Theme: Biology"
"48786","Series: Evolution (North Star Games)"
"2989","Game: Werewolf / Mafia"
"25292","Crowdfunding: Giochistarter"
"56529","Setting: Longsdale (Lookout Games)"
"24432","Card Games: Matching"
"62860","Versions & Editions: Adult Versions of Family-Friendly Games"
"27177","Series: The North Sea Trilogy (Garphill Games)"
"57981","Region: Caribbean Sea"
"64793","Theme: Druids"
"7535","Animals: Chickens"
"13111","Cities: New York (New York, USA)"
"43107","Game: Fallout"
"5608","Books: Harry Potter"
"69616","Game: Fantastic Factories"
"42767","Game: Fast Forward"
"44081","Series: Fable Game system"
"17634","Animals: Dolphins"
"63073","Animals: Eagles"
"6507","Animals: Rabbits"
"63075","Animals: Sloths"
"42078","Creatures: Unicorns"
"46621","Game: Fate of the Elder Gods"
"27800","Organizations: Game Designers of North Carolina"
"10644","Country: Brazil"
"10314","Country: Iceland"
"54213","Game: A Feast for Odin"
"5902","Components: Marbles"
"52598","Game: Fireball Island"
"66184","Game: Firefly Adventures"
"9733","TV Shows: Firefly"
"36571","Game: Firefly – The Game"
"66192","Region: Tuscany (Italy)"
"57506","Game: Five Tribes"
"62885","Mythology: Arabian"
"55689","Game: Flamme Rouge"
"5663","Sports: Bicycling / Cycling"
"18747","Game: Flash Point Fire Rescue"
"11767","Theme: Firefighting"
"46460","Setting: FUSE"
"22160","Mechanism: Bluffing – Dice Cup"
"8","Game: Fluxx"
"63869","Contests: Fastaval Design Competition"
"46188","Game: Fog of Love"
"61207","Theme: Love / Romance"
"65832","Theme: Psychology"
"56129","Theme: Queer / LGBTAIQ"
"76","Series: Bookshelf (Gryphon Games)"
"28174","Series: Mini Games (IELLO)"
"43440","Game: For the Crown"
"39723","Series: Forbidden Games (Gamewright)"
"10622","Country: Taiwan"
"13107","Country: Monaco"
"143","Game: Formula Dé / Formula D"
"45610","Game: Gloomhaven"
"7265","Animals: Bears"
"18192","Decades: The 1960's"
"65385","Theme: African Americans"
"67626","Mountains: Mount Fuji (Japan)"
"71972","Series: Micro Line (Stronghold)"
"48480","Series: Happy Planet (North Star Games)"
"53514","Books: Dracula"
"57170","Game: Fury of Dracula"
"64949","Components: Map (Interplanetary or Interstellar scale)"
"46197","Theme: Trucks"
"4220","Category: n in a row"
"63077","Theme: Trash / Garbage"
"11404","Game: Doctor Lucky"
"7479","Creatures: Ghosts"
"60343","Authors: The Brothers Grimm"
"64152","Folk Tales & Fairy Tales: Hansel and Gretel"
"71035","Sports: Equestrian"
"5730","Sports: Horse Racing"
"6993","Theme: Gladiators"
"58719","Game: Glen More"
"10580","Game: Gloom"
"64813","Theme: Cemeteries / Graveyards"
"9959","Game: El Grande"
"19132","Cities: Kansas City (Missouri, USA)"
"54030","Game: Great Western Trail"
"43676","States: Texas"
"62614","Islands: Greenland (Denmark)"
"53546","Series: Dominata"
"51444","Theme: Inuit Peoples"
"45611","Game: The Grizzled"
"63023","Folk Tales & Fairy Tales: Three Billy Goats Gruff"
"56997","Game: Guardians' Chronicles"
"70224","Construction: Forbidden City (China)"
"58962","History: Ming Dynasty"
"28732","Theme: Samurai"
"24434","Card Games: Outplay"
"72359","Game: Hanamikoji"
"68956","Ancient: Carthage"
"58053","History: Punic Wars"
"92","Series: Tactics Line (Valley Games)"
"17927","Series: TMG Originals"
"58582","Setting: Gullsbottom"
"28013","States: Hawaii"
"62212","Medical: Hospitals / Clinics"
"17926","Setting: Bodgers"
"26397","Food & Drink: Beer"
"64953","Game: Herbaceous"
"52516","Game: Hero Realms"
"7488","Animals: Penguins"
"12808","Continents: Antarctica"
"5834","Sports: Fishing / Angling"
"64961","Islands: Hokkaido (Japan)"
"4263","Authors: J.R.R. Tolkien"
"5723","Series: War of the Ring (Nexus/Ares Games)"
"7510","Books: Sherlock Holmes"
"65627","Theme: Tiki Culture"
"56257","Series: NSV Middys (Nürnberger Spielkartenverlag)"
"46225","Game: Imhotep"
"78","Series: Two-player games (Kosmos)"
"56755","Game: Imperial Settlers"
"70705","Digital Implementations: MaBiWeb"
"17657","Game: Innovation"
"44826","Game: Invasion from Outer Space"
"9043","Series: Last Night on Earth Game Engine (Flying Frog Production)"
"5743","Theme: Circus"
"44350","Series: Science Games (Genius Games)"
"21942","Theme: Chemistry"
"11546","Country: Ireland"
"18979","Series: Cube Rails"
"59682","Series: Iron Rail (Capstone Games)"
"18796","Series: Winsome Essen Sets"
"27524","Ancient: Babylon"
"58494","Game: Isle of Skye (Lookout Games)"
"39414","Setting: World of Arzium"
"11570","Country: Turkey"
"28724","Game: Istanbul (AEG)"
"5178","Game: Jungle Speed"
"5605","Movies: Jurassic Park"
"48","Series: Key (Richard Breese)"
"23972","Game: Keyflower"
"129","Series: Master Print Edition (Quined)"
"25869","Setting: Glorantha"
"3975","Game: Killer Bunnies"
"28525","Game: King of Tokyo"
"24569","Theme: Kaiju"
"18616","Cities: Tokyo (Japan)"
"65593","Theme: Jewelry"
"14514","Game: Kingdom Builder"
"39749","Components: 5 x 5 Grids"
"50195","Game: Kingdomino"
"46196","Game: Kodama"
"35296","Series: Small Box Big Fun (Action Phase Games)"
"21991","Theme: Automotive Industry"
"6925","Theme: Fantasy Sports"
"18053","Animals: Llamas"
"68310","Game: L.L.A.M.A."
"114","Game: Labyrinth"
"22966","Movies: Avatar"
"5860","TV Shows: Spongebob Squarepants"
"44093","Game: Lanterns – The Harvest Festival"
"4705","Organizations: The Game Artisans of Canada"
"57041","Rivers: Yangtze"
"7395","Containers: Video Tape Boxes"
"23689","Game: Legendary (Upper Deck Entertainment)"
"11111","Mechanism: Deduction – Blind Man's Bluff"
"18193","Decades: The 1950's"
"14759","Country: England"
"17056","Country: United Kingdom"
"99","Series: Treefrog Line (Warfrog)"
"46464","Game: Loony Quest"
"44340","Series: Tilsit Poche"
"64228","Containers: Chinese Takeout Boxes"
"18238","Cities: Las Vegas (Nevada, USA)"
"61132","Game: Lords of Vegas"
"57504","Game: Lords of Waterdeep"
"70711","Digital Implementations: Triqqy"
"149","Game: Lost Cities"
"46166","Traditional Card Games: Palace"
"25604","Game: Lost Legacy"
"25594","Series: 5 Minute Fun (AEG)"
"27123","Game: Love Letter"
"6364","Holidays: Christmas"
"22823","Series: Pocket Game (AEG)"
"17960","Setting: Tempest Shared World"
"62849","Versions & Editions: Big Box Versions of Individual Games"
"10309","Country: The Netherlands"
"65597","Cities: Luxor (Egypt)"
"62089","Game: Luxor"
"41223","Game: Machi Koro"
"68322","Theme: City"
"61204","Components: Magnets"
"18459","Components: Clix"
"33758","Setting: Mage Knight"
"44437","Game: Magic The Gathering"
"10615","Country: Indonesia"
"27508","Game: The Manhattan Project"
"63093","Cities: Maracaibo (Venezuela)"
"63092","Country: Venezuela"
"63194","Game: Maracaibo"
"19425","Cities: Baghdad (Iraq)"
"41314","Cities: Beijing (China)"
"57502","Game: The Voyages of Marco Polo"
"67010","Theme: Silk Road"
"19451","Cities: Marrakech (Morocco)"
"19450","Country: Morocco"
"57182","Theme: Sewing / Knitting / Cloth-Making"
"58605","Game: Marvel Champions – The Card Game"
"5664","Sports: Wrestling"
"17740","Cities: Venice (Veneto, Italy)"
"18765","Mechanism: Tower Stacking"
"10167","Country: Australia"
"21418","Region: Oceania"
"17635","Animals: Crabs"
"22839","Theme: King Arthur / The Knights of the Round Table / Camelot"
"19549","Cities: Osaka (Japan)"
"23764","Celebrities: Monty Python"
"16840","Series: Mitbringspiele (HABA)"
"24","Game: Munchkin"
"25368","Theme: Mushrooms"
"65631","Trivia: Movies"
"64385","Holidays: Day of the Dead"
"28920","Game: Stone Age"
"7972","Animals: Tigers"
"7381","Animals: Wolves"
"38432","Game: Scythe"
"34112","Game: Mysterium"
"19023","Holidays: Halloween"
"46215","Game: Mystery of the Abbey"
"28991","Game: Nations"
"9314","Authors: Jules Verne"
"57000","Game: Nemo's War"
"61978","Players: Solitaire Only Wargames"
"19223","Animals: Whales"
"40433","States: Massachusetts"
"63091","Region: Newfoundland and Labrador (Canada)"
"63525","Occupation: Researcher / Scientist"
"64224","Food & Drink: Burgers"
"5701","Theme: Ninjas"
"18377","Series: Minigame Library (Level 99 Games)"
"7520","Animals: Rats"
"66556","Theme: Nuns"
"10312","Country: Norway"
"62889","Components: Blindfolds / Blackout Glasses"
"57478","Game: Obsession"
"157","Game: Ogre / G.E.V."
"6256","Series: MicroGame (Metagaming)"
"41798","Series: Pocket Box (Steve Jackson Games)"
"10168","Country: Canada"
"10169","Space: Mars"
"12054","Country: Ecuador"
"67922","Islands: Galápagos (Ecuador)"
"25436","Organizations: Board Games Association of Creators in Spain (LUDO)"
"28718","Theme: Music Making & Makers"
"22673","Game: Once Upon a Time"
"71857","Mechanic: Storytelling card game"
"62254","Creatures: Werewolves"
"27945","Series: One Night (Bézier Games)"
"51376","Game: Onitama"
"8119","Books: The Wizard of Oz"
"39915","Series: Pairs Game System (Cheapass Games)"
"20718","Animals: Pandas"
"5589","Series: Fantasy Strike (Sirlin)"
"9313","Traditional Card Games: Poker"
"64952","Components: Map (Global Scale)"
"3430","Game: Pandemic"
"61854","Medical: Diseases"
"63526","Occupation: Dispatcher"
"63524","Occupation: Medic / Doctor / Nurses"
"62881","Region: The World"
"18645","Cities: Rome (Lazio, Italy)"
"58383","History: Barbarian migrations and invasions"
"4214","Traditional Games: Pachisi / Ludo"
"57773","Country: Jordan"
"54158","Game: Patchwork"
"33361","Series: Fur Zwei Spieler (Lookout Games)"
"10632","Country: Afghanistan"
"56858","Game: Pax Pamir"
"58172","History: Anglo-Afghan Wars"
"44079","Series: Pax"
"10642","Country: Mexico"
"58083","History: Mexican Revolution"
"19529","Webcomics: Penny Arcade"
"63652","Game: Petrichor"
"7657","Animals: Crows / Ravens / Magpies"
"11519","Theme: Oil / Gas / Petroleum"
"26382","Game: Pixel Tactics"
"62233","Food & Drink: Pizza"
"58901","Misc: Self-Referential Games"
"64942","Cities: Porto (Portugal)"
"49424","Game: Potion Explosion"
"64970","Theme: Alchemy"
"150","Game: Power Grid"
"66336","Theme: Fashion"
"42896","Books: The Princess Bride"
"10656","Country: Puerto Rico"
"9958","Game: Puerto Rico"
"8241","Promotional: BGG Store Promos"
"21078","Series: Basic (Gigamic)"
"19100","Series: Classic (Gigamic)"
"57057","Game: The Quacks of Quedlinburg"
"56974","Game: Quadropolis"
"21436","Game: Qwirkle"
"46217","Game: Qwixx"
"9470","Continents: Asia"
"4571","Game: Race for the Galaxy"
"58093","Animals: Raccoons"
"56284","Game: Raccoon Tycoon"
"13512","Country: Croatia"
"65144","Series: Eurocity Trilogy (Braincrack Games)"
"19422","Islands: French Polynesia (France)"
"57676","Game: Railroad Ink"
"20788","Series: Duo Collection (Matagot)"
"63686","Food & Drink: Liquor / Cocktails"
"8496","Food & Drink: Wine"
"5301","Game: The Red Dragon Inn"
"64963","Cities: Kyoto (Japan)"
"18231","Cities: Singapore (Singapore)"
"10387","Country: Singapore"
"7260","Animals: Kangaroos"
"57020","Game: Revolution!"
"29","Game: Twilight Imperium"
"16830","Series: Mitbringspiel Mini (HABA)"
"40074","TV Shows: Rick and Morty"
"57507","Game: Rising Sun"
"56924","Game: Risk (Official)"
"26100","Game: The Rivals for Catan"
"63949","Theme: Rivers"
"9798","TV Shows: 80's Cartoons"
"47175","TV Shows: Robotech"
"55566","Game: Root"
"58059","History: Sengoku Period"
"62088","Game: Rune Stones"
"28418","Game: Saboteur"
"68281","Creatures: Trolls"
"18639","Cities: Barcelona (Spain)"
"50196","Game: Sagrada"
"61990","Players: Expansions Changing Player Count"
"66959","Cities: Saint Malo (France)"
"57893","Region: Brittany (France)"
"59","Series: Alea Medium Box"
"62214","Medical: Psychiatric Hospitals / Asylums"
"63170","Game: Santorini"
"27549","Islands: Santorini (Greece)"
"62772","Mythology: Greek"
"9960","Game: Schotten-Totten"
"26464","Theme: Alternate History"
"63004","Theme: Mech Warfare"
"69876","Cities: Sekigahara (Japan)"
"6137","Components: Block Wargames"
"17936","Game: Sentinel"
"21812","Setting: Shadowrun"
"18643","Cities: Amsterdam (The Netherlands)"
"36155","Setting: Mistfall"
"25937","Cities: Nottingham (England)"
"63507","Game: Sheriff of Nottingham"
"28631","Books: Mystery Novels"
"46472","Game: Sherlock Holmes Consulting Detective"
"11971","Historical Figures: Jack the Ripper"
"61760","Authors: Stephen King"
"62042","Movies: Horror Movies"
"43675","States: Colorado"
"61000","Game: Silver"
"46141","Traditional Card Games: Golf"
"17709","Traditional Card Games: Eights"
"3868","Game: Small World"
"72070","Series: Smartphone Inc."
"24566","Game: Smash Up"
"27823","Game: Snake Oil"
"7519","Animals: Spiders"
"46174","Game: Spirit Island"
"33250","Game: Splendor"
"3246","Game: Squad Leader"
"69065","Game: Squire for Hire"
"25246","Game: Star Realms"
"7996","Game: Chrononauts"
"7392","TV Shows: Star Trek (various)"
"64143","Players: Three Players Only Games"
"5602","Movies: Star Wars"
"57677","Game: Steam Park"
"130","Series: The Games Collection (Pin International)"
"153","Game: Stratego"
"72016","Players: Two Players Only Wargames"
"10149","Series: Nostalgia (Hasbro)"
"7687","Game: Summoner Wars"
"6497","Sports: Surfing"
"9835","Game: Survive!"
"64227","Food & Drink: Sushi"
"44820","Game: Sushi Go!"
"10791","Series: Hi-Q"
"28947","Theme: Weather"
"63206","Authors: Jean de La Fontaine"
"61936","Folk Tales & Fairy Tales: The Tortoise and the Hare"
"24244","Series: Tales & Games (Purple Brain Creations)"
"6096","Sports: Hunting"
"5591","Game: Tannhäuser"
"28520","TV Shows: Warner Bros."
"49650","Game: Telestrations"
"60543","Game: Teotihuacan"
"26098","Game: Terra Mystica"
"13449","Series: Games Collection (Immortal Eyes)"
"46915","Game: Terraforming Mars"
"49694","Setting: Future Timeline (Fryxgames)"
"58463","History: Early Imperial China"
"57498","Game: Through the Ages"
"7345","Mechanism: Connection"
"60111","Series: Euro Classics (Reiner Knizia)"
"42","Series: Tile-Laying Trilogy (Reiner Knizia)"
"5321","Game: Thunderstone"
"61646","Continents: North America"
"17","Game: Ticket to Ride (Official)"
"18620","Cities: Stockholm (Sweden)"
"16882","Country: Estonia"
"10316","Country: Finland"
"10313","Country: Sweden"
"64973","Region: Great Lakes"
"43","Game: Tigris & Euphrates"
"128","Series: Easy Play (Schmidt Spiele)"
"46483","Game: Tiny Epic Defenders"
"25072","Series: Tiny Epic (Gamelyn Games)"
"71786","Setting: Aughmoore"
"46484","Game: Tiny Epic Galaxies"
"25050","Game: Tokaido"
"44092","Series: TOKYO (Jordan Draper Games)"
"62247","Movies: Top Gun"
"18641","Cities: Turin (Piedmont, Italy)"
"18581","Country: Soviet Union"
"51380","Game: Twilight Struggle"
"68723","Theme: Nuclear option"
"61274","Components: Gears"
"60542","Game: Tzolk'in – The Mayan Calendar"
"62428","Theme: Mayans"
"137","Game: Ubongo"
"9368","Series: Native-art line (Kosmos)"
"59354","Series: Unicorn Glitterluck (HABA)"
"56937","Game: Unmatched"
"4890","Game: UNO"
"20667","Books: Diary of a Wimpy Kid"
"65172","Fictional Events: Clone Wars"
"6204","Movies: Toy Story"
"10335","Series: Pinkalicious (Fundex)"
"66787","Series: World's Smallest Games Series (Super impulse)"
"5637","TV Shows: Family Guy"
"28892","TV Shows: Monster High"
"24431","Card Games: Adding"
"17167","Game: Rory's Story Cubes"
"13109","Country: Malta"
"13051","Series: Game & Puzzle (HABA)"
"58519","Game: Vast"
"12926","Game: Wits & Wagers"
"10647","Country: Chile"
"27069","Comic Books: The Walking Dead"
"20248","Cities: York (England)"
"24179","Cities: Warsaw (Poland)"
"10317","Country: Poland"
"57005","Game: Wasteland Express Delivery Service"
"8012","Game: We Didn't Playtest This At All"
"52618","Game: Welcome To ..."
"57008","Game: Wildlands"
"18887","Animals: Geese"
"17963","Animals: Turkeys"
"58267","Game: Wingspan"
"20","Components: Looney Pyramid Games"
"52","Game: Zombies!!! (Twilight Creations)"
