"1920 Wall Street","1920 Wall Street",1989,"226255",False
"1942 USS Yorktown","1942 USS Yorktown",3378,"279307",False
"1987 Channel Tunnel","1987 Channel Tunnel",3379,"279306",False
"Get Bit! Collectors Edition","Get Bit! Collectors Edition",3115,"159517",False
"3 Laws of Robotics","3 Laws of Robotics",3324,"271447",False
"5-Minute Marvel","5-Minute Marvel",3191,"253618",False
"51st State: Master Set","51st State: Master Set",1724,"192458",False
"5211","5211",3290,"271512",False
"6 nimmt!","6 nimmt!",1291,"432",False
"7 Wonders","7 Wonders",2873,"68448",False
"7 Wonders Duel","7 Wonders Duel",2830,"173346",False
"A Pleasant Journey to Neko","A Pleasant Journey to Neko",2650,"257077",False
"A War of Whispers","A War of Whispers",3189,"253499",False
"Abandon All Artichokes","Abandon All Artichokes",3568,"302260",False
"Abomination: The Heir of Frankenstein","Abomination: The Heir of Frankenstein",2971,"239472",False
"Action News: The Game of Television News","Action News: The Game of Television News",3186,"231398",False
"Adrenaline","Adrenaline",2938,"202408",True
"Adventure Games: The Dungeon","Adventure Games: The Dungeon",3039,"267813",False
"Adventure Land","Adventure Land",3239,"183231",False
"The Adventurers: The Pyramid of Horus","The Adventurers: The Pyramid of Horus",21,"98315",False
"Aerion","Aerion",2838,"267127",False
"Aftermath","Aftermath",3248,"281946",True
"Age of Civilization","Age of Civilization",2365,"264647",False
"Agricola","Agricola",2792,"31260",True
"Air, Land & Sea","Air, Land & Sea",3125,"247367",False
"Airship City","Airship City",2678,"256442",False
"Alhambra","Alhambra",2172,"6249",False
"Alien Frontiers","Alien Frontiers",1547,"48726",False
"All Manor of Evil","All Manor of Evil",3482,"250355",False
"Alubari: A Nice Cup of Tea","Alubari: A Nice Cup of Tea",3148,"228959",False
"Anchors Aweigh!","Anchors Aweigh!",2472,"245704",False
"Android: Netrunner","Android: Netrunner",1310,"124742",False
"Animouv","Animouv",3055,"212388",False
"Ankh'or","Ankh'or",3036,"271530",False
"Anomaly","Anomaly",3147,"262135",True
"Anomia Kids","Anomia Kids",3330,"250834",False
"Antiquity","Antiquity",2149,"13122",False
"Apotheca","Apotheca",1637,"174614",False
"Apples to Apples","Apples to Apples",37,"74",False
"Appletters","Appletters",40,"58253",False
"Aquarius","Aquarius",42,"814",True
"Aquatica","Aquatica",3408,"283393",False
"Arboretum","Arboretum",2398,"140934",True
"Arcadia Quest: Inferno","Arcadia Quest: Inferno",1726,"179803",False
"Architects of the West Kingdom","Architects of the West Kingdom",2461,"236457",False
"Architectura","Architectura",3153,"256390",False
"Archmage","Archmage",2327,"222862",True
"Archmage: Ascendant","Archmage: Ascendant",3141,"263229",False
"Arkham Horror","Arkham Horror",48,"15987",True
"Arkham Horror: Final Hour","Arkham Horror: Final Hour",3005,"285773",False
"Arkham Noir: Case #1  The Witch Cult Murders","Arkham Noir: Case #1 – The Witch Cult Murders",3026,"225729",False
"Arraial","Arraial",2693,"246150",False
"ArtSee","ArtSee",2951,"276923",False
"Atari's Missile Command","Atari's Missile Command",2918,"223762",False
"Atelier","Atelier",3295,"311711",False
"Atlantis","Atlantis",55,"89862",True
"Atlantis Rising","Atlantis Rising",3497,"92120",True
"Aura","Aura",1646,"175418",False
"Ausser Rand & Band","Ausser Rand & Band",3459,"286658",False
"Automata NOIR","Automata NOIR",1844,"225449",False
"Azul","Azul",2017,"230802",False
"Azul","Azul",2134,"230802",False
"Azul","Azul",2311,"230802",False
"Azul: Summer Pavilion","Azul: Summer Pavilion",3442,"287954",False
"Babylonia","Babylonia",3409,"266164",True
"Bad Bones","Bad Bones",2684,"199223",False
"Bad Medicine","Bad Medicine",2507,"170825",True
"Bad Medicine","Bad Medicine",1302,"170825",True
"Bahamas","Bahamas",3267,"269917",False
"Bamboleo","Bamboleo",3002,"293",False
"Banana Bandits","Banana Bandits",1768,"206540",False
"Bananagrams","Bananagrams",67,"27225",False
"Bargain Quest","Bargain Quest",2089,"223740",False
"Barrage","Barrage",3543,"251247",False
"Batman: The Animated Series Dice Game","Batman: The Animated Series Dice Game",3501,"204175",False
"Batman: The Animated Series Dice Game","Batman: The Animated Series Dice Game",1498,"204175",False
"Battle Con: Connection Fighting","Battle Con: Connection Fighting",3562,0,True
"Battle for Rokugan","Battle for Rokugan",2070,"234477",False
"The Battle of Red Cliffs","The Battle of Red Cliffs",2207,"39375",False
"Battle of the Nations 1813","Battle of the Nations 1813",3453,"288781",False
"Battle Penguins","Battle Penguins",2807,"268471",False
"Battle Sheep","Battle Sheep",3305,"54137",False
"BattleCON: War of Indines","BattleCON: War of Indines",2931,"89409",False
"Battlelands","Battlelands",3024,"278305",False
"Beasty Bar","Beasty Bar",2368,"165950",False
"Beasty Bar","Beasty Bar",2383,"165950",False
"Bees: The Secret Kingdom","Bees: The Secret Kingdom",3222,"271528",False
"Before There Were Stars...","Before There Were Stars...",2501,"243780",False
"Beta Colony","Beta Colony",3252,"235533",False
"Betrayal at House on the Hill","Betrayal at House on the Hill",1455,"10547",False
"Between Two Castles of Mad King Ludwig","Between Two Castles of Mad King Ludwig",2449,"258036",False
"Biblios","Biblios",2113,"34219",False
"The Big Book of Madness","The Big Book of Madness",3401,"171233",False
"Bigfoot vs. Yeti","Bigfoot vs. Yeti",3399,"187383",False
"BIOS: Origins","BIOS: Origins",3385,"134068",False
"Bites","Bites",3533,"277927",False
"Black Angel","Black Angel",2976,"230244",False
"Black Hat","Black Hat",1863,"148282",True
"Black Orchestra","Black Orchestra",2140,"156858",False
"Black Skull Island","Black Skull Island",2459,"253861",False
"Blackout: Hong Kong","Blackout: Hong Kong",2692,"262215",False
"Blitzkrieg!: World War Two in 20 Minutes","Blitzkrieg!: World War Two in 20 Minutes",3358,"258210",True
"The Blood of an Englishman","The Blood of an Englishman",3494,"206504",False
"Blood Rage","Blood Rage",1397,"170216",True
"Bloodborne: The Card Game","Bloodborne: The Card Game",1818,"195856",False
"Bloom","Bloom",2913,"272085",True
"Bloom in Blizzard","花と吹雪 (Bloom in Blizzard)",3275,"261431",False
"Board Game Cafe Frenzy","Board Game Cafe Frenzy",3388,"274688",False
"Boggle","Boggle",100,"1293",True
"Bohnanza","Bohnanza",101,"11",False
"Borderlands: Tiny Tina's Robot Tea Party","Borderlands: Tiny Tina's Robot Tea Party",2905,"276622",False
"Bosk","Bosk",3407,"252556",False
"Boss Monster: The Dungeon Building Card Game","Boss Monster: The Dungeon Building Card Game",1141,"131835",False
"Bottom of the 9th","Bottom of the 9th",1407,"166286",False
"Braintopia","Braintopia",3054,"206175",False
"Brick Party","Brick Party",1600,"181161",False
"Brikks","Brikks",2686,"257726",False
"Broadhorns: Early Trade on the Mississippi","Broadhorns: Early Trade on the Mississippi",3279,"130393",False
"Broom Service: The Card Game","Broom Service: The Card Game",1473,"192735",False
"Bruxelles 1897","Bruxelles 1897",3449,"275913",False
"Buffalo","Buffalo",2892,"127505",False
"Buffy the Vampire Slayer: The Game","Buffy the Vampire Slayer: The Game",3362,"805",False
"Bugs in the Kitchen","Bugs in the Kitchen",2217,"137909",False
"Bullfrogs","Bullfrogs",1649,"149853",False
"Burgle Bros.","Burgle Bros.",2096,"172081",False
"Burgle Bros.","Burgle Bros.",2820,"172081",False
"Bus","Bus",3441,"552",True
"ButaBabel","ButaBabel",3281,"193681",False
"Butterfly","Butterfly",3096,"284229",True
"Byzanz","Byzanz",2116,"38032",False
"Cactus","Cactus",3544,"268255",False
"Cadwallon: City of Thieves","Cadwallon: City of Thieves",112,"69120",False
"Cahoots","Cahoots",3119,"246761",True
"Calimala","Calimala",2021,"199383",False
"Call of Cthulhu: The Card Game","Call of Cthulhu: The Card Game",3131,"40270",False
"Call to Adventure","Call to Adventure",3361,"238992",True
"Can't Catch Harry","Can't Catch Harry",3530,"264660",False
"Can't Stop","Can't Stop",1979,"41",False
"Cantankerous Cats","Cantankerous Cats",2781,"176651",False
"Caper","Caper",2886,"232824",True
"The Captain Is Dead: Lockdown","The Captain Is Dead: Lockdown",2655,"208804",False
"The Captain Is Dead","The Captain Is Dead",2653,"159503",False
"Captain Silver","Captain Silver",1922,"219509",False
"Captain Sonar","Captain Sonar",1764,"171131",False
"Capture","Capture",3269,0,False
"Car Wars: The Card Game","Car Wars: The Card Game",1489,"1126",False
"Caravan","Caravan",3303,"269789",True
"Carcassonne","Carcassonne",1840,"822",False
"Carcassonne","Carcassonne",1958,"822",False
"Carcassonne","Carcassonne",2793,"822",False
"Carcassonne: Safari","Carcassonne: Safari",2306,"256065",False
"Carcassonne: The Discovery","Carcassonne: The Discovery",128,"16216",False
"Cardline: Globetrotter","Cardline: Globetrotter",1163,"145014",False
"Cargo Express","Cargo Express",2947,"262562",False
"Carnival of Monsters","Carnival of Monsters",3293,"231484",False
"Carpe Diem","Carpe Diem",2691,"245934",False
"Carrossel","Carrossel",3443,"252712",False
"Carthago: Merchants & Guilds","Carthago: Merchants & Guilds",2240,"233006",False
"Cartographers: A Roll Player Tale","Cartographers: A Roll Player Tale",2998,"263918",False
"Cartoon Network Crossover Crisis Deck-Building Game","Cartoon Network Crossover Crisis Deck-Building Game",2618,"194233",False
"Cartoon Network Crossover Crisis Deck-Building Game","Cartoon Network Crossover Crisis Deck-Building Game",2611,"194233",False
"Cartooner","Cartooner",2561,"234497",False
"Castaways","Castaways",137,"71906",False
"Castell","Castell",2114,"238638",False
"Castellan","Castellan",1151,"114903",False
"Castello Methoni","Castello Methoni",3404,"266141",False
"A Castle for All Seasons","A Castle for All Seasons",8,"38386",False
"Castle Rampage","Castle Rampage",2502,"256569",False
"The Castles of Burgundy","The Castles of Burgundy",1461,"84876",False
"Castles of Caladale","Castles of Caladale",3232,"213370",False
"Castles of Mad King Ludwig","Castles of Mad King Ludwig",2481,"155426",False
"Cat Cafe","Cat Café",3445,"279135",False
"Cat Lady","Cat Lady",2751,"228504",False
"Cat Rescue","Cat Rescue",2673,"245824",False
"Catacombs & Castles","Catacombs & Castles",2370,"194286",False
"Catan","Catan",3480,"13",False
"Catan","Catan",1389,"13",False
"Catan Histories: Settlers of America  Trails to Rails","Catan Histories: Settlers of America – Trails to Rails",3254,"67239",False
"Catan: Junior","Catan: Junior",1776,"125921",False
"Catch the Moon","Catch the Moon",2346,"218129",False
"Caveman Curling","Caveman Curling",146,"67453",False
"Caverna: The Cave Farmers","Caverna: The Cave Farmers",1181,"102794",False
"Caylus 1303","Caylus 1303",3411,"284818",False
"Celestia","Celestia",1895,"175117",True
"Century: Golem Edition","Century: Golem Edition",2132,"232832",False
"Ceylon","Ceylon",2683,"248900",True
"Chakra","Chakra",3067,"267378",True
"The Chameleon","The Chameleon",1915,"227072",False
"Champions of Midgard","Champions of Midgard",1703,"172287",False
"Cheer Up!","Cheer Up!",3487,"256507",False
"Cheese Quest","Cheese Quest",3343,"196026",False
"Chessplus: Pure Genius","Chessplus: Pure Genius",3018,"245598",False
"Chicago Poker","Chicago Poker",162,"29030",False
"Chimera & More","Chimera & More",3143,"224830",False
"Chocolate Factory","Chocolate Factory",3398,"240567",False
"Choose Your Own Adventure: House of Danger","Choose Your Own Adventure: House of Danger",2377,"251420",False
"Chop! Chop!","Chop! Chop!",3020,"230916",False
"Chopstick Dexterity MegaChallenge 3000","Chopstick Dexterity MegaChallenge 3000",3258,"25695",False
"Churrascaria","Churrascaria",2801,0,True
"Cine Write and Trade","Cine Write and Trade",3457,"289786",False
"Circular Reasoning: The Well of Power","Circular Reasoning: The Well of Power",2101,"167283",False
"Cities: Skylines  The Board Game","Cities: Skylines – The Board Game",3406,"267370",False
"City of Remnants","City of Remnants",3132,"133528",False
"City of the Big Shoulders: Burden of Destiny","City of the Big Shoulders: Burden of Destiny",2982,"281722",False
"CIV: Carta Impera Victoria","CIV: Carta Impera Victoria",2112,"240465",False
"Clank!: A Deck-Building Adventure","Clank!: A Deck-Building Adventure",3041,"201808",False
"Clank!: A Deck-Building Adventure","Clank!: A Deck-Building Adventure",2880,"201808",False
"Clank!: A Deck-Building Adventure","Clank!: A Deck-Building Adventure",1962,"201808",False
"Clans of Caledonia","Clans of Caledonia",2041,"216132",False
"The Climbers","The Climbers",3367,"34297",False
"The Climbers","The Climbers",1716,"34297",False
"ClipCut Parks","ClipCut Parks",3470,"283289",False
"Cloudspire","Cloudspire",3207,"262211",False
"Clue: Game of Thrones","Clue: Game of Thrones",3174,"198328",False
"Codenames","Codenames",1586,"178900",False
"Codenames","Codenames",1317,"178900",False
"Codenames","Codenames",2939,"178900",False
"Codenames: Marvel","Codenames: Marvel",1897,"220774",False
"Cogs and Commissars","Cogs and Commissars",2305,"238972",False
"Coimbra","Coimbra",2482,"245638",False
"Collector, the","Collector, the",2725,0,True
"Collectors and Capers","Collectors and Capers",2963,"196240",False
"Coloma","Coloma",3427,"264982",True
"Colony","Colony",2483,"192934",True
"Coloretto","Coloretto",182,"5782",True
"Colorful","Colorful",3546,"268252",False
"Colors of Paris","Colors of Paris",3421,"269160",False
"Colt Express","Colt Express",1557,"158899",False
"Colt Express","Colt Express",1263,"158899",False
"Concept","Concept",1669,"147151",False
"Concept Kids: Animals","Concept Kids: Animals",2338,"247314",False
"Concordia","Concordia",3312,"124361",False
"Condottiere","Condottiere",2477,"112",False
"Confusion:  Espionage and Deception in the Cold War","Confusion:  Espionage and Deception in the Cold War",186,"2961",False
"The Contender: The Game of Presidential Debate","The Contender: The Game of Presidential Debate",2811,"190073",False
"Convert","Convert",1434,"140236",False
"Cooper Island","Cooper Island",3455,"269511",False
"Copenhagen","Copenhagen",3065,"269595",False
"Coralia","Coralia",3074,"277662",False
"Corinth","Corinth",3043,"269725",False
"Cottage Garden","Cottage Garden",1730,"204027",False
"Counterfeiters","Counterfeiters",2774,"257380",False
"Coup","Coup",197,"131357",True
"Courier","Courier",2797,"260382",True
"Cover Me","Cover Me",2014,"180674",False
"Covert","Covert",1667,"187653",True
"Cowboy Bebop: Boardgame Boogie","Cowboy Bebop: Boardgame Boogie",3370,"230528",False
"Crap or Slap! What Would You Do?","Crap or Slap! What Would You Do?",2925,"163656",False
"Critical Mass: Raijin vs Archon","Critical Mass: Raijin vs Archon",2532,"138026",False
"Crosstalk","Crosstalk",2565,"17528",False
"Crown de Fleur","Crown de Fleur",2799,"264586",False
"Crown of Emara","Crown of Emara",2491,"256570",False
"Crumbs","Crumbs",2909,"273092",False
"The Crusoe Crew","The Crusoe Crew",3223,"244274",False
"Cryptid","Cryptid",2430,"246784",False
"Crystal Clans","Crystal Clans",2124,"228133",False
"Crystal Palace","Crystal Palace",3452,"280480",False
"Crystallo","Crystallo",3557,"269618",False
"Cubissimo","Cubissimo",3021,0,True
"Cuisine a la Card","Cuisine a la Card",1347,"175541",False
"Cult Following","Cult Following",3540,"197321",False
"Curios","Curios",2996,"275973",False
"Curli Kuller","Curli Kuller",2498,"38437",False
"Cursed Court","Cursed Court",1739,"226213",False
"Custom Heroes","Custom Heroes",1869,"223049",False
"Cutthroat Caverns","Cutthroat Caverns",205,"28259",False
"CV","CV",3572,"143986",False
"CV","CV",1886,"143986",False
"Dadaocheng","Dadaocheng",3416,"176963",False
"Dadaocheng","Dadaocheng",3415,"176963",False
"Danger the Game","Danger the Game",3498,"208134",False
"Danger the Game","Danger the Game",3355,"208134",False
"The Daring & The Doomed","The Daring & The Doomed",1445,"193877",False
"Daring Contest","Daring Contest",2904,"248722",False
"Dark Moon","Dark Moon",1807,"111124",False
"Darkest Night","Darkest Night",2994,"128445",True
"Darkness","Darkness",2894,0,False
"Dead Fellas","Dead Fellas",1198,"101685",False
"Dead Last","Dead Last",1926,"184522",False
"Dead of Winter: A Crossroads Game","Dead of Winter: A Crossroads Game",1558,"150376",False
"Death Wish","Death Wish",1805,"177921",True
"Deception: Murder in Hong Kong","Deception: Murder in Hong Kong",2062,"156129",False
"Deep Blue","Deep Blue",2991,"283649",False
"Deep Sea Adventure","Deep Sea Adventure",2425,"169654",False
"Pit","Pit",3045,"140",False
"Descent: Journeys in the Dark (Second Edition","Descent: Journeys in the Dark (Second Edition)",1833,"104162",False
"Destination X","Destination X",2955,"223726",False
"Detective Club","Detective Club",3060,"256788",False
"Diamonds","Diamonds",1685,"152162",True
"Dice Miner","Dice Miner",3586,"310632",False
"Dice Settlers","Dice Settlers",2529,"230267",False
"Dice Throne: Season One","Dice Throne: Season One",2209,"216734",False
"Dice Throne: Season One","Dice Throne: Season One",1847,"216734",False
"Dice Throne:  Season Two   Battle Chest Champion Edition","Dice Throne:  Season Two –  Battle Chest Champion Edition",2588,"268191",False
"Dice Throne: Season Two  Gunslinger v. Samurai","Dice Throne: Season Two – Gunslinger v. Samurai",2965,"266966",False
"The Crew: The Quest for Planet Nine","The Crew: The Quest for Planet Nine",3434,"284083",False
"Die Inseln im Nebel","Die Inseln im Nebel",3429,"285895",False
"Die Macher","Die Macher",3419,"1",False
"Dig Dog Dig","Dig Dog Dig",3567,"270377",False
"Dino Dude Ranch","Dino Dude Ranch",3078,"170477",False
"Dino Party","Dino Party",2189,"220624",False
"Dinosaur Island","Dinosaur Island",2111,"221194",True
"Diplomacy","Diplomacy",220,"483",True
"Discount Salmon","Discount Salmon",1394,"146597",False
"Discover: Lands Unknown","Discover: Lands Unknown",2440,"258244",False
"Discoveries: The Journals of Lewis and Clark","Discoveries: The Journals of Lewis and Clark",3266,"171669",False
"Discworld: Ankh-Morpork","Discworld: Ankh-Morpork",1030,"91312",False
"Disney Villainous","Disney Villainous",2213,"256382",False
"Divinity Derby","Divinity Derby",1929,"218580",False
"Dixit","Dixit",2988,"39856",False
"Dixit","Dixit",222,"39856",False
"Doctor Who: Time of the Daleks","Doctor Who: Time of the Daleks",2178,"186995",False
"Dojo Kun","Dojo Kun",1691,"179182",False
"Dominion","Dominion",228,"36218",True
"Dominion","Dominion",3484,"36218",True
"Doodle Quest","Doodle Quest",1786,"152757",False
"Doodle Rush","Doodle Rush",3227,"232090",False
"The Doom That Came To Atlantic City","The Doom That Came To Atlantic City",3485,"124548",False
"Double Feature","Double Feature",1272,"158267",False
"Downforce","Downforce",1956,"215311",False
"Downforce","Downforce",1793,"215311",False
"Dr. Beaker","Dr. Beaker",1822,"218637",False
"Dr. Microbe","Dr. Microbe",1821,"217554",False
"The Dragon & Flagon","The Dragon & Flagon",1743,"193840",False
"Dragon Ball Z Power Up! Board Game","Dragon Ball Z Power Up! Board Game",2366,"254191",False
"Dragon Castle","Dragon Castle",2318,"232219",False
"Dragon Pets","Dragon Pets",2558,"212378",False
"Dragon Punch","Dragon Punch",3566,"172866",False
"Dragon Whisperer","Dragon Whisperer",2493,"126206",False
"Dragon's Breath","Dragon's Breath",3242,"235655",False
"Dragon's Gold","Dragon's Gold",1249,"1042",False
"Dragonfire","Dragonfire",1889,"226501",True
"Dragonscales","Dragonscales",3123,"283748",False
"Dragonsgate College","Dragonsgate College",1999,"184704",False
"Dragonwood","Dragonwood",2221,"172933",False
"Dragoon","Dragoon",1480,"172540",True
"Dread Curse","Dread Curse",1101,"136356",False
"Dream Home","Dream Home",1554,"194880",False
"Dream On!","Dream On!",2487,"232980",False
"Dreams of Tomorrow","Dreams of Tomorrow",3188,"257415",False
"Drinking Quest: Liquor Before Honor","Drinking Quest: Liquor Before Honor",2885,"263317",True
"Drop It","Drop It",2130,"244916",False
"Dune","Dune",3121,"283355",True
"Dungeon Drop","Dungeon Drop",3587,"262208",False
"Dungeon Drop","Dungeon Drop",3517,"262208",False
"Dungeons & Dragons: Castle Ravenloft Board Game","Dungeons & Dragons: Castle Ravenloft Board Game",3582,"59946",False
"Duple","Duple",3493,"134596",False
"Ecos: First Continent","Ecos: First Continent",3073,"279254",False
"Edge of Darkness","Edge of Darkness",3083,"229491",True
"Eight-Minute Empire: Legends","Eight-Minute Empire: Legends",1316,"142326",False
"Elder Sign","Elder Sign",274,"100423",False
"Eldritch Horror","Eldritch Horror",1086,"146021",False
"Electropolis","Electropolis",3458,"286431",False
"Element","Element",1714,"216403",True
"Eleminis","Eleminis",2206,"90050",False
"End of the Trail","End of the Trail",3496,"228378",False
"Engine, Engine No. 9","Engine, Engine No. 9",3311,"83157",False
"Entropy","Entropy",1884,"171339",False
"Enuk","Enuk",2586,"36554",False
"Epic Card Game","Epic Card Game",1270,"175621",False
"Epoch","Epoch",3271,0,False
"Equinox","Equinox",3111,"131121",True
"Era of Tribes","Era of Tribes",3462,"196354",False
"Discovery: The Era of Voyage","Discovery: The Era of Voyage",2771,"225316",False
"Eruption","Eruption",286,"88594",False
"Escape Tales: Low Memory","Escape Tales: Low Memory",3085,"282291",False
"Escape Tales: The Awakening","Escape Tales: The Awakening",3088,"253214",False
"Eschaton","Eschaton",1740,"206299",False
"Eschaton","Eschaton",2822,"206299",False
"The Estates","The Estates",2759,"249381",False
"Ethnos","Ethnos",1759,"206718",False
"Euphoria: Build a Better Dystopia","Euphoria: Build a Better Dystopia",1457,"133848",False
"Europa Base Alpha","Europa Base Alpha",3356,"270960",False
"Everdell","Everdell",2253,"199792",False
"Evil Intent","Evil Intent",1509,"131006",False
"Evo","Evo",3256,"1159",True
"Evolution","Evolution",1524,"155703",True
"Evolution: The Beginning","Evolution: The Beginning",1598,"201248",False
"Ex Libris","Ex Libris",2029,"201825",True
"Exiled Legends","Exiled Legends",2898,"277003",False
"Exodus: Paris Nouveau","Exodus: Paris Nouveau",2413,"253074",False
"Exoplanets","Exoplanets",1677,"163976",False
"Expancity","Expancity",2246,"201846",False
"Expedition to Newdale","Expedition to Newdale",3377,"272682",False
"Expedition Zetta","Expedition Zetta",2672,"184247",False
"Exploding Kittens","Exploding Kittens",3101,"172225",False
"Exploding Kittens: NSFW Deck","Exploding Kittens: NSFW Deck",3466,"172242",False
"Explorers of the North Sea","Explorers of the North Sea",2119,"176371",False
"Extraordinary Adventures: Pirates","Extraordinary Adventures: Pirates",3217,"254994",False
"Eye My Favorite Things","Eye My Favorite Things",2663,"188530",False
"Eye Sea","Eye Sea",3250,"206082",False
"Fae","Fae",2151,"249670",True
"Fae","Fae",2786,"249670",True
"Fafnir","Fafnir",3431,"294233",False
"Fairy Mischief","Fairy Mischief",3168,"140218",False
"Fairy Tale","Fairy Tale",1774,"13823",False
"Fairy Tile","Fairy Tile",2553,"220780",False
"A Fake Artist Goes to New York","A Fake Artist Goes to New York",2429,"135779",False
"Fallout","Fallout",2042,"232918",True
"Fallout Shelter: The Board Game","Fallout Shelter: The Board Game",3515,"293889",False
"Family Plot","Family Plot",1626,"209280",False
"Fantastic Beasts: Perilous Pursuit","Fantastic Beasts: Perilous Pursuit",3518,"254193",False
"Fantastic Beasts: Perilous Pursuit","Fantastic Beasts: Perilous Pursuit",2344,"254193",False
"Fantastic Factories","Fantastic Factories",3280,"216600",False
"Fantasy Realms","Fantasy Realms",3341,"223040",False
"Farlight","Farlight",3007,"221230",False
"Farm Rescue","Farm Rescue",3233,"271045",False
"Fast Forward: FEAR","Fast Forward: FEAR",2866,"231664",False
"Fast Forward: FLEE","Fast Forward: FLEE",2868,"231666",False
"Fast Sloths","Fast Sloths",3447,"277597",False
"Fate of the Elder Gods","Fate of the Elder Gods",1676,"198609",False
"Favelas","Favelas",2044,"230591",False
"Fealty","Fealty",298,"96704",False
"A Feast for Odin","A Feast for Odin",1811,"177736",False
"Fire in the Library","Fire in the Library",2547,"240744",False
"Fire Tower","Fire Tower",3506,"226605",False
"Fireball Island: The Curse of Vul-Kar","Fireball Island: The Curse of Vul-Kar",2766,"233020",False
"Firefly Adventures: Brigands and Browncoats","Firefly Adventures: Brigands and Browncoats",2176,"231991",False
"Firefly: The Game","Firefly: The Game",2177,"138161",False
"Firenze","Firenze",1585,"75449",False
"Fireworks","Fireworks",2462,"227162",True
"Five Seals of Magic","Five Seals of Magic",3220,"173784",False
"Five Tribes","Five Tribes",2787,"157354",False
"Flamme Rouge","Flamme Rouge",1954,"199478",False
"Flamme Rouge","Flamme Rouge",1969,"199478",False
"Flash Point: Fire Rescue","Flash Point: Fire Rescue",305,"100901",False
"Flatline","Flatline",1640,"216597",True
"Flick Fleck","Flick Fleck",2372,"244609",False
"Flick Wars","Flick Wars",3529,"142829",True
"Flip Over Frog","Flip Over Frog",2405,"261165",False
"Flip Over Frog","Flip Over Frog",3049,"261165",False
"Flip Ships","Flip Ships",1941,"223215",False
"Flotilla","Flotilla",3384,"275969",True
"Flotsam Fight","Flotsam Fight",2255,"256478",False
"The Flow of History","The Flow of History",2238,"204574",False
"Fluff","Fluff",2516,"256701",False
"Fluxx","Fluxx",307,"258",True
"Fog of Love","Fog of Love",3364,"175324",False
"Folklore: The Affliction","Folklore: The Affliction",2319,"159504",False
"Foodies","Foodies",2968,"280896",False
"Fool's Gold","Fool's Gold",1477,"132758",True
"Fool's Gold","Fool's Gold",3172,"132758",True
"For Sale","For Sale",1948,"172",True
"For Sale","For Sale",3140,"172",True
"For the Crown","For the Crown",2999,"97512",True
"Forbidden Desert","Forbidden Desert",1098,"136063",False
"Forbidden Island","Forbidden Island",311,"65244",True
"Forbidden Sky","Forbidden Sky",2946,"245271",False
"Forbidden Sky","Forbidden Sky",2256,"245271",False
"Forever Young","Forever Young",3573,"224965",False
"Forgotten Waters","Forgotten Waters",3535,"302723",False
"Forgotten Waters","Forgotten Waters",3536,"302723",False
"Formosa Tea","Formosa Tea",3391,"287941",False
"Formula D","Formula D",312,"37904",True
"Forum Trajanum","Forum Trajanum",2680,"244049",False
"Founders of Gloomhaven","Founders of Gloomhaven",2257,"214032",False
"Four","Four",3511,"184672",True
"The Fox in the Forest Duet","The Fox in the Forest Duet",3521,"288169",False
"Fox's Party","Fox's Party",2399,"108155",False
"Franchise","Franchise",2585,"245645",True
"Freedom: The Underground Railroad","Freedom: The Underground Railroad",1947,"119506",False
"Frenemy Pastry Party","Frenemy Pastry Party",3436,"276880",False
"Fresco","Fresco",1910,"66188",False
"Fry Thief","Fry Thief",3478,"248956",False
"Fugitive","Fugitive",1525,"197443",True
"Fuji","Fuji",2794,"258308",True
"Fuji Flush","Fuji Flush",1951,"203430",False
"Fuji Koro","Fuji Koro",3454,"253743",False
"Funky Chicken","Funky Chicken",2819,"246693",False
"The Fury of Dracula","The Fury of Dracula",1318,"936",False
"Fuse","Fuse",1641,"286350",False
"Futuropia","Futuropia",2668,"258389",False
"Gaia Project","Gaia Project",2047,"220308",False
"Galactic Scoundrels","Galactic Scoundrels",3467,"248443",False
"Galaxy Trucker","Galaxy Trucker",324,"31481",True
"The Game of 49","The Game of 49",1435,"159492",False
"Game of Phones","Game of Phones",2877,"179701",False
"A Game of Thrones: Catan  Brotherhood of the Watch","A Game of Thrones: Catan – Brotherhood of the Watch",2061,"229218",False
"A Game of Thrones: Catan  Brotherhood of the Watch","A Game of Thrones: Catan – Brotherhood of the Watch",2307,"229218",False
"Game of Thrones: Oathbreaker","Game of Thrones: Oathbreaker",2948,"275530",False
"Game of Trains","Game of Trains",3400,"180602",False
"Garbage Day!","Garbage Day!",3124,"179259",False
"Gateway: Uprising","Gateway: Uprising",1728,"176914",False
"Gem Rush","Gem Rush",3097,"145393",False
"Get Bit!","Get Bit!",3187,"30539",False
"Get Lucky","Get Lucky",2418,"120447",False
"Get Off My Land!","Get Off My Land!",2518,"193248",False
"Get Packing","Get Packing",3058,"258665",False
"Get the MacGuffin","Get the MacGuffin",2351,"241245",False
"Getaway Driver","Getaway Driver",2902,"253719",False
"Ghosts of the Moor","Ghosts of the Moor",2679,"257273",False
"Gimme Gimme Guinea Pigs","Gimme Gimme Guinea Pigs",3046,"226356",False
"Gingerbread House","Gingerbread House",2703,"258444",False
"Giro Galoppo","Giro Galoppo",3075,"21985",False
"Give Me the Brain!","Give Me the Brain!",2375,"176",False
"Gladius","Gladius",3585,"285232",True
"Glen More II: Chronicles","Glen More II: Chronicles",3450,"265188",False
"Gloom in Space","Gloom in Space",1521,"214898",False
"Gloomy Graves","Gloomy Graves",3520,"293556",False
"Glux","Glüx",1705,"207207",False
"Go Cuckoo!","Go Cuckoo!",1545,"192547",False
"Go Go Gelato!","Go Go Gelato!",1784,"217553",False
"Goat 'n' Goat","Goat 'n' Goat",3413,"294237",False
"Gobbit","Gobbit",3537,"132620",False
"Gobblet Gobblers","Gobblet Gobblers",1808,"13230",False
"God of War: The Card Game","God of War: The Card Game",2984,"278120",False
"The Godfather: An Offer You Can't Refuse","The Godfather: An Offer You Can't Refuse",3260,"175219",False
"Going Postal","Going Postal",3490,"292795",False
"Going Postal","Going Postal",3390,"292795",False
"Ghosts","Ghosts",3552,"63993",False
"GoodCritters","GoodCritters",2525,"255615",False
"Good Dog, Bad Zombie","Good Dog, Bad Zombie",2599,"238182",False
"El Grande","El Grande",273,"93",False
"Gravwell: Escape from the 9th Dimension","Gravwell: Escape from the 9th Dimension",2870,"142992",False
"Great Western Trail","Great Western Trail",2474,"193738",False
"Greedy Kingdoms","Greedy Kingdoms",2603,"253470",True
"Greenland","Greenland",2954,"156501",False
"Grifters","Grifters",2391,"168054",False
"The Grizzled","The Grizzled",1395,"171668",False
"The Grizzled: Armistice Edition","The Grizzled: Armistice Edition",2390,"231327",False
"Gruff","Gruff",1333,"173804",False
"Guardians","Guardians",2359,"256159",True
"Guardians' Chronicles","Guardians' Chronicles",3580,"140779",False
"Gugong","Gùgōng",2694,"250458",False
"Gunkimono","Gunkimono",2230,"251890",False
"Hadara","Hadara",2974,"269144",False
"Hafid's Grand Bazaar","Hafid's Grand Bazaar",1795,"227254",False
"Hako Onna","Hako Onna",3342,"233848",False
"Hanamikoji","Hanamikoji",2451,"158600",False
"Hand of Fate: Ordeals","Hand of Fate: Ordeals",2435,"216381",False
"A Handful of Stars","A Handful of Stars",1996,"197320",False
"Hannibal: Rome vs. Carthage","Hannibal: Rome vs. Carthage",364,"234",False
"Happy Salmon","Happy Salmon",2570,"194626",False
"Hardback","Hardback",1871,"223750",False
"Harry Potter: Hogwarts Battle","Harry Potter: Hogwarts Battle",1659,"199042",False
"Harvest","Harvest",1902,"200058",True
"Hasp","Hasp",3285,"257205",False
"HATSUDEN","HATSUDEN",2360,"228234",False
"Hawaii","Hawaii",3161,"106217",False
"Healthy Heart Hospital","Healthy Heart Hospital",2833,"186721",False
"Heap","Heap",366,"119639",False
"Heaven & Ale","Heaven & Ale",2031,"227789",False
"HECK: A Tiny Card Game","HECK: A Tiny Card Game",3348,"288876",False
"Heimlich & Co.","Heimlich & Co.",3486,"382",False
"Hellapagos","Hellapagos",1693,"224272",False
"Hello My Name Is","Hello My Name Is",3474,"272132",False
"Henchman","Henchman",3321,"282031",False
"Henhouse Havoc","Henhouse Havoc",2188,"243231",False
"Herbaceous","Herbaceous",1614,"195314",False
"Herbalism","Herbalism",2087,"231554",True
"Here Comes the Dog","Here Comes the Dog",2369,"252892",False
"Hero Realms","Hero Realms",1575,"198994",False
"Hex Hex XL","Hex Hex XL",1927,"79067",False
"Hexix","Hexix",2887,"261979",False
"Hey, That's My Fish!","Hey, That's My Fish!",3047,"8203",False
"Hey, That's My Fish!","Hey, That's My Fish!",382,"8203",False
"Hi Lo Flip","Hi Lo Flip",3513,"302267",False
"Hintegers","Hintegers",1981,"240167",False
"Hintegers","Hintegers",1804,"240167",False
"Hocus","Hocus",1607,"171261",False
"Hokkaido","Hokkaido",2863,"260332",True
"Holding On: The Troubled Life of Billy Kerr","Holding On: The Troubled Life of Billy Kerr",2681,"245444",False
"Holi: Festival of Colors","Holi: Festival of Colors",3583,"295957",False
"Honga","Honga",2871,"255805",False
"Hotshots","Hotshots",1783,"218050",False
"Hoverkraft","Hoverkraft",3095,"169256",False
"Human Era","Human Era",2373,"239621",False
"Hundreds of Horses","Hundreds of Horses",3090,"202026",False
"Hunt for the Ring","Hunt for the Ring",1921,"216070",False
"Hurlyburly","Hurlyburly",3381,"287219",False
"I Say, Holmes!","I Say, Holmes!",3017,"34653",False
"ICECOOL","ICECOOL",1608,"177524",False
"Ill-Tempered Tikis","Ill-Tempered Tikis",3177,"235690",False
"Ill-Tempered Tikis","Ill-Tempered Tikis",3181,"235690",False
"Illusion","Illusion",2562,"244995",False
"Ilos","Ilôs",2026,"219232",False
"Imagine","Imagine",1596,"191894",True
"Imhotep","Imhotep",1478,"191862",True
"Imhotep: The Duel","Imhotep: The Duel",3053,"255674",False
"Impact: Battle of Elements","Impact: Battle of Elements",2412,"246228",False
"Imperial Settlers","Imperial Settlers",1725,"154203",False
"Import / Export","Import / Export",1990,"217776",False
"Impulse","Impulse",1251,"144239",False
"In a World of Dinosaurs","In a World of Dinosaurs",2912,"168996",False
"In the Year of the Dragon","In the Year of the Dragon",1681,"31594",False
"The Incredibles: Save the Day Game","The Incredibles: Save the Day Game",2223,"252323",False
"Indian Summer","Indian Summer",1991,"233678",False
"Indulgence","Indulgence",1796,"215308",False
"Inhabit the Earth","Inhabit the Earth",3571,"181797",False
"Inhabit the Earth","Inhabit the Earth",3565,"181797",False
"Inhuman Conditions","Inhuman Conditions",3249,"261403",False
"Innovation","Innovation",410,"63888",False
"Insider","Insider",2424,"206051",True
"Invasion from Outer Space: The Martian Game","Invasion from Outer Space: The Martian Game",3130,"42939",False
"Ion: A Compound Building Game","Ion: A Compound Building Game",2385,"174611",False
"Irish Gauge","Irish Gauge",3365,"161882",False
"Isaribi","Isaribi",1976,"158548",False
"Ishtar: Gardens of Babylon","Ishtar: Gardens of Babylon",3340,"271088",False
"Island Hopper","Island Hopper",1973,"194688",False
"The Island of Doctor Lucky","The Island of Doctor Lucky",2379,"250963",False
"The Island of Misfit Friends","The Island of Misfit Friends",2555,"231558",False
"Isle of Monsters","Isle of Monsters",3193,"204755",False
"Isle of Skye: From Chieftain to King","Isle of Skye: From Chieftain to King",1294,"176494",False
"Islebound","Islebound",1475,"185589",False
"Istanbul","Istanbul",1140,"148949",False
"Ishtar: Gardens of Babylon","Ishtar: Gardens of Babylon",2972,"271088",False
"It Dies With Me","It Dies With Me",2770,"246709",False
"It's a Wonderful World","It's a Wonderful World",3460,"271324",False
"It's Blunderful","It's Blunderful",3551,"271046",False
"Jaipur","Jaipur",3037,"54043",False
"Jetpack Joyride","Jetpack Joyride",3425,"253215",False
"Joking Hazard","Joking Hazard",1633,"193621",False
"Junggle","Junggle",2823,"229954",False
"Jungle Party","Jungle Party",1601,"191687",False
"Jungle Speed","Jungle Speed",424,"8098",False
"Junk Orbit","Junk Orbit",2232,"247360",False
"JunKing","JunKing",1417,"174991",False
"Jurassic Park: Danger! Adventure Strategy Game","Jurassic Park: Danger! Adventure Strategy Game",2224,"245431",False
"Just One","Just One",2829,"254640",False
"Kanagawa","Kanagawa",2150,"200147",False
"KAPOW!","KAPOW!",3318,"232254",False
"Karuba","Karuba",1538,"183251",False
"Kauchuk","Kauchuk",3575,"274432",False
"Kauchuk","Kauchuk",3418,"274432",False
"Kepler-3042","Kepler-3042",1810,"198190",False
"Kerala: The Way of the Elephant","Kerala: The Way of the Elephant",1623,"191055",False
"Key Flow","Key Flow",2682,"252446",False
"Keyflower","Keyflower",1578,"122515",False
"Keyper","Keyper",2038,"212516",False
"Khan of Khans","Khan of Khans",1813,"215614",False
"Kick-Ass: The Board Game","Kick-Ass: The Board Game",2326,"250561",False
"Killer Bunnies and the Quest for the Magic Carrot","Killer Bunnies and the Quest for the Magic Carrot",3137,"3699",False
"Kilt Castle","Kilt Castle",2364,"205826",False
"King of New York","King of New York",1170,"160499",False
"King of Tokyo","King of Tokyo",2086,"70323",False
"King of Tokyo","King of Tokyo",1071,"70323",False
"King of Tokyo","King of Tokyo",2302,"70323",False
"King's Forge","King's Forge",3082,"126996",False
"Kingdom Builder","Kingdom Builder",1706,"107529",False
"Kingdomino","Kingdomino",1970,"204583",False
"Kingdomino Duel","Kingdomino Duel",3349,"281960",False
"Kings' Struggle","Kings' Struggle",2580,"253568",False
"Kitchen Rush","Kitchen Rush",2043,"223953",False
"Knuckle Sammich: A Kobolds Ate My Baby! Card Game","Knuckle Sammich: A Kobolds Ate My Baby! Card Game",2922,"154841",False
"Kodama 3D","Kodama 3D",3503,"277611",False
"Kodama: The Tree Spirits","Kodama: The Tree Spirits",1504,"181810",False
"Kodama: The Tree Spirits","Kodama: The Tree Spirits",1391,"181810",False
"Koi","Koi",2492,"180544",False
"Kokoro: Avenue of the Kodama","Kokoro: Avenue of the Kodama",3138,"227758",False
"Kraftwagen","Kraftwagen",1731,"171879",False
"Kung Fu","Kung Fu",3440,"278989",True
"Kung Fu Zoo","Kung Fu Zoo",2581,"183420",False
"L.L.A.M.A.","L.L.A.M.A.",3071,"266083",True
"La Stanza","La Stanza",3089,"243993",False
"Labyrinth","Labyrinth",450,"1219",True
"Lagerstatten","Lagerstätten",1992,"228882",False
"Lanterns: The Harvest Festival","Lanterns: The Harvest Festival",1651,"160851",False
"Lazer Ryderz","Lazer Ryderz",1707,"210052",False
"The Legend of the Cherry Tree that Blossoms Every Ten Years","The Legend of the Cherry Tree that Blossoms Every Ten Years",2298,"220784",False
"Legendary: A Marvel Deck Building Game","Legendary: A Marvel Deck Building Game",1278,"129437",False
"Legends of the American Frontier","Legends of the American Frontier",1367,"146197",False
"Letter Jam","Letter Jam",3563,"275467",False
"Lewis & Clark: The Expedition","Lewis & Clark: The Expedition",1848,"140620",False
"Life Siphon","Life Siphon",3559,"256831",False
"Lift Off","Lift Off",3100,"260757",True
"Lightning Dice","Lightning Dice",3154,"196976",False
"Lindisfarne","Lindisfarne",2674,"254017",False
"Little Dead Riding Hood","Little Dead Riding Hood",1115,"104617",False
"Little Town","Little Town",2967,"241266",False
"Living Planet","Living Planet",3542,"236301",False
"Llamas Unleashed","Llamas Unleashed",2897,"268936",False
"London","London",2020,"65781",True
"Long Shot","Long Shot",470,"40237",True
"Loony Quest","Loony Quest",1817,"136991",False
"Loot","Loot",471,"770",True
"Looting Atlantis","Looting Atlantis",1928,"169550",False
"Lord of the Fries","Lord of the Fries",2382,"1536",False
"Lords of Vegas","Lords of Vegas",2438,"20437",False
"Lords of Waterdeep","Lords of Waterdeep",1390,"110327",False
"Lost Cities","Lost Cities",482,"50",False
"Lost in R'lyeh","Lost in R'lyeh",1496,"197707",False
"Lost Legacy: The Starship","Lost Legacy: The Starship",2106,"158339",False
"Lotus","Lotus",1616,"198525",True
"Love Battle! High School","Love Battle! High School",3510,"254399",False
"Love Letter","Love Letter",3025,"129622",True
"Love Letter Premium","Love Letter Premium",2855,"196326",False
"Lowlands","Lowlands",2410,"242804",False
"Luku Luku: Noun","Luku Luku: Noun",2632,"228169",False
"Luxor","Luxor",2584,"245643",True
"Macaryoshka","Macaryoshka",3410,0,True
"Machi Koro","Machi Koro",1242,"143884",False
"Machi Koro","Machi Koro",3519,"143884",False
"Mag-O-Mag","Mag-O-Mag",1715,"217671",False
"Mage Knight Board Game","Mage Knight Board Game",3514,"96848",False
"Magic: The Gathering  Heroes of Dominaria Board Game","Magic: The Gathering – Heroes of Dominaria Board Game",2597,"248763",False
"The Magnificent","The Magnificent",3424,"283863",False
"Mahardika","Mahardika",2628,"164198",False
"Majesty: For the Realm","Majesty: For the Realm",2027,"230080",False
"Majesty: For the Realm","Majesty: For the Realm",3314,"230080",False
"Majolica","Majolica",2696,"258041",False
"Mangaka: The Fast & Furious Game of Drawing Comics","Mangaka: The Fast & Furious Game of Drawing Comics",3127,"175627",False
"Mangrovia","Mangrovia",2358,"165948",False
"Manhattan","Manhattan",496,"199",True
"The Manhattan Project: Energy Empire","The Manhattan Project: Energy Empire",2932,"176734",False
"Maracaibo","Maracaibo",3420,"276025",True
"Marco Polo II: In the Service of the Khan","Marco Polo II: In the Service of the Khan",3417,"283948",False
"Marrakech","Marrakech",499,"29223",False
"Marvel Champions: The Card Game","Marvel Champions: The Card Game",2992,"285774",False
"Marvel Fluxx","Marvel Fluxx",3032,"272541",False
"Mary Engelbreit Loonacy","Mary Engelbreit Loonacy",2354,"255012",False
"Mascarade","Mascarade",1823,"139030",True
"Maskmen","Maskmen",2949,"159581",False
"Master of Wills","Master of Wills",2095,"235839",False
"Masters of Venice","Masters of Venice",3383,"40276",False
"Matryoshka","Matryoshka",3079,"192185",True
"Mechanica","Mechanica",3310,"268493",False
"Medium","Medium",3023,"242529",True
"Meeple Circus","Meeple Circus",2036,"193214",False
"Meeple Party","Meeple Party",3234,"252484",False
"MegaCity: Oceania","MegaCity: Oceania",3019,"266304",False
"Memoarrr!","Memoarrr!",2303,"230383",False
"Meow","Meow",1247,"175861",False
"Mercado","Mercado",2450,"244794",False
"Merlin","Merlin",2037,"230933",True
"Mesopotamia","Mesopotamia",3263,"19301",True
"Mesozooic","Mesozooic",2374,"255639",False
"The Metagame","The Metagame",1539,"114991",False
"Meteor","Meteor",3564,"166109",True
"Metro X","Metro X",3512,"248861",False
"Mgbako","Mgbako",2630,"268677",False
"Micropolis","Micropolis",2357,"239840",True
"Million Dollars But... The Game","Million Dollars But... The Game",2621,"200610",False
"The Mind","The Mind",2196,"244992",False
"Miyabi","Miyabi",3240,"285533",False
"Modern Art","Modern Art",2758,"118",False
"Modern Art","Modern Art",1709,"118",False
"Modern Art","Modern Art",2809,"118",False
"Moneybags","Moneybags",2266,"251622",False
"Monolith Arena","Monolith Arena",2701,"238393",False
"Monster Empire","Monster Empire",3313,"255526",False
"Monster Meister","Monster Meister",2380,"245053",False
"Montmartre","Montmartre",3338,"265681",False
"Monty Python Fluxx","Monty Python Fluxx",534,"36345",False
"Monza","Monza",3244,"4209",False
"Moon Base","Moon Base",3456,"280131",True
"Moop's Monster Mashup","Moop's Monster Mashup",1438,"197414",False
"Morels","Morels",1125,"122298",False
"Mottainai","Mottainai",1246,"175199",False
"Movie Buff","Movie Buff",2173,"182062",False
"Movie Buff","Movie Buff",1519,"182062",False
"Mr. Face","Mr. Face",2978,"267945",False
"Munchkin Legends","Munchkin Legends",2832,"144325",False
"Muertoons","Muertoons",1717,"171211",False
"Munchkin","Munchkin",541,"1927",False
"Munchkin Booty","Munchkin Booty",544,"31920",False
"Munchkin Legends Deluxe","Munchkin Legends Deluxe",1562,"171199",False
"Munchkin Loot Letter","Munchkin Loot Letter",1502,0,True
"Munchkin Pathfinder","Munchkin Pathfinder",1735,"129359",False
"Munchkin Sketch Edition","Munchkin Sketch Edition",2506,"198776",False
"Munchkin Spell Skool","Munchkin Spell Skool",1718,"229640",False
"Munchkin Steampunk","Munchkin Steampunk",1267,"164031",False
"Munchkin Zombies","Munchkin Zombies",551,"86955",False
"Muse","Muse",2297,"234396",True
"My First Stone Age","My First Stone Age",3059,"191004",False
"My First Stone Age","My First Stone Age",1552,"191004",False
"My Little Scythe","My Little Scythe",2336,"226320",False
"My Little Scythe","My Little Scythe",2212,"226320",False
"Mysterium","Mysterium",1832,"181304",False
"Mystery House: Adventures in a Box","Mystery House: Adventures in a Box",3251,"269537",False
"Mystery of the Abbey","Mystery of the Abbey",1943,"915",False
"Mystery of the Temples","Mystery of the Temples",2952,"234691",False
"Nagaraja","Nagaraja",3006,"244191",False
"Namiji","Namiji",3428,"275215",False
"Nanty Narking","Nanty Narking",3446,"249746",False
"Nanuk","Nanuk",1355,"54433",False
"Narabi","Narabi",2695,"257836",False
"Narabi","Narabi",2837,"257836",False
"Nations: The Dice Game","Nations: The Dice Game",1746,"157809",False
"Neanderthal","Neanderthal",2953,"171662",True
"Nemeton","Nemeton",2627,"255990",False
"Nemo Rising: Robur the Conqueror","Nemo Rising: Robur the Conqueror",3353,"271297",False
"Nemo's War","Nemo's War",2859,"39232",False
"NEOM","NEOM",2805,"246663",False
"Neta-Tanka","Nētā-Tanka",3273,"280812",False
"Never Bring a Knife","Never Bring a Knife",3558,"290733",False
"The Neverland Rescue","The Neverland Rescue",3080,"245058",False
"New Angeles","New Angeles",1556,"205716",False
"New Bedford","New Bedford",1423,"157413",False
"New Corp Order","New Corp Order",2804,"232478",False
"Newfoundland Jam","Newfoundland Jam",3534,"272697",False
"Newton","Newton",3539,"244711",True
"Nexus Infernum","Nexus Infernum",2959,"257633",False
"Nine Tiles Panic","Nine Tiles Panic",3492,"279869",False
"Ninja Burger","Ninja Burger",1491,"8522",True
"Ninja Versus Ninja","Ninja Versus Ninja",569,"13511",False
"Nitro Glyxerol","Nitro Glyxerol",2488,"181615",False
"Niwa","Niwa",3056,"234216",False
"NMBR 9","NMBR 9",2840,"217449",False
"No Honor Among Thieves","No Honor Among Thieves",2541,"187347",False
"Noctiluca","Noctiluca",2842,"269752",False
"NOIR: Deductive Mystery Game","NOIR: Deductive Mystery Game",1516,"102148",False
"Nokosu Dice","Nokosu Dice",3412,"294693",False
"Norsaga","Norsaga",2184,"158883",False
"Northern Pacific","Northern Pacific",3094,"138704",False
"Not Alone","Not Alone",1684,"194879",False
"Notre Dame","Notre Dame",1778,"25554",False
"Nova Luna","Nova Luna",3432,"284435",False
"Now Boarding","Now Boarding",2294,"231567",False
"Noxford","Noxford",1894,"206448",False
"Nuns on the Run","Nuns on the Run",3133,"65515",False
"Nusfjord","Nusfjord",2856,"234277",False
"Nyctophobia","Nyctophobia",2812,"249505",False
"Obscurio","Obscurio",2983,"273477",False
"Obsession","Obsession",2625,"231733",True
"Ocean Crisis","Ocean Crisis",3304,"260156",False
"OddVille","OddVille",2788,"123219",False
"Offshore","Offshore",3426,"283867",False
"Ogre","Ogre",1522,"5206",True
"Ogre Under","Ogre Under",3086,"279169",False
"Okanagan: Valley of the Lakes","Okanagan: Valley of the Lakes",2018,"230089",False
"Okey Dokey","Okey Dokey",1901,"211940",False
"Colors of Paris","Colors of Paris",3461,"269160",False
"Omerta","Omerta",3491,"270445",False
"On Mars","On Mars",3397,"184267",False
"On the Origin of Species","On the Origin of Species",3327,"276004",False
"On the Underground","On the Underground",3405,"24773",False
"On Tour","On Tour",2269,"251412",True
"Once Upon a Time: The Storytelling Card Game","Once Upon a Time: The Storytelling Card Game",2153,"1234",False
"One Deck Dungeon","One Deck Dungeon",1530,"179275",False
"One Night Ultimate Werewolf","One Night Ultimate Werewolf",1137,"147949",False
"Onitama","Onitama",1612,"160477",False
"Orbis","Orbis",2646,"255507",False
"Orc-lympics","Orc-lympics",3372,"245950",False
"Orchard Ocean","Orchard Ocean",3389,"284949",False
"Orcs Must Die! The Board Game: Unchained Edition","Orcs Must Die! The Board Game: Unchained Edition",1937,"174646",False
"Order of the Gilded Compass","Order of the Gilded Compass",1769,"200924",False
"Oriflamme","Oriflamme",3183,"287084",False
"Otys","Otys",2076,"222542",False
"Outfoxed!","Outfoxed!",1595,"245060",True
"Outpost","Outpost",589,"1491",False
"Over Under Ostrich","Over Under Ostrich",3560,"317941",False
"Overseers","Overseers",1639,"176803",False
"Oz Fluxx","Oz Fluxx",578,"117838",False
"Pack & Stack","Pack & Stack",593,"37120",False
"Pagoda","Pagoda",1147,"154003",True
"Pairs","Pairs",2341,"152237",False
"The Palace of Mad King Ludwig","The Palace of Mad King Ludwig",2033,"223278",False
"Paladins of the West Kingdom","Paladins of the West Kingdom",3376,"266810",False
"Palm Island","Palm Island",2348,"239464",False
"Pandante","Pandánte",1364,"140163",False
"Pandemic","Pandemic",2795,"30549",True
"Pandemic: Fall of Rome","Pandemic: Fall of Rome",2432,"260428",False
"Pandemic: Reign of Cthulhu","Pandemic: Reign of Cthulhu",3350,"192153",False
"Pandemic: The Cure","Pandemic: The Cure",1240,"150658",False
"Pantone: The Game","Pantone: The Game",2608,"248584",False
"Paperback","Paperback",1511,"141572",False
"Paramedics: Clear!","Paramedics: Clear!",1932,"207010",False
"Paranormal Detectives","Paranormal Detectives",3382,"280136",False
"Paris: New Eden","Paris: New Eden",3098,"284429",False
"Parks","Parks",3013,"196238",True
"Partners","Partners",3190,"15110",True
"Pass the Buck: A Game of Corporate Responsibility Management","Pass the Buck: A Game of Corporate Responsibility Management",1454,"181647",True
"Passing Through Petra","Passing Through Petra",2845,"257966",False
"Patchistory","Patchistory",3556,"144041",False
"Patchwork","Patchwork",2315,"163412",True
"Patchwork","Patchwork",1287,"163412",True
"Pax Pamir (Second Edition","Pax Pamir (Second Edition)",2271,"256960",False
"Pax Porfiriana","Pax Porfiriana",3479,"128780",False
"Pax Transhumanity","Pax Transhumanity",3386,"257732",False
"Peasant Buffet","Peasant Buffet",2896,"155465",False
"Peasant Buffet","Peasant Buffet",3507,"155465",False
"Penny Arcade: The Game  Gamers vs. Evil","Penny Arcade: The Game – Gamers vs. Evil",1357,"97803",False
"Penny Lane","Penny Lane",3103,"252479",False
"Penny Press","Penny Press",1209,"148205",False
"Perfect Hotel","Perfect Hotel",1988,"231032",False
"Petrichor","Petrichor",2301,"210274",False
"Photosynthesis","Photosynthesis",1770,"218603",False
"Pictures","Pictures",3402,"284108",True
"Pie Rats of the Carob Bean Farm","Pie Rats of the Carob Bean Farm",3179,"197571",False
"Pie Rats of the Carob Bean Farm","Pie Rats of the Carob Bean Farm",1896,"197571",False
"Piepmatz","Piepmatz",2331,"246200",True
"Pigasus","Pigasus",3104,"271036",True
"Pigment","Pigment",2127,"224060",False
"Pikoko","Pikoko",3102,"244505",False
"Pioneers","Pioneers",2030,"232520",True
"Pipeline","Pipeline",2784,"256730",True
"Pirate Fluxx","Pirate Fluxx",619,"73538",False
"Pixel Glory: Light & Shadow","Pixel Glory: Light & Shadow",2175,"218996",False
"Pixel Glory: Light & Shadow","Pixel Glory: Light & Shadow",2174,"218996",False
"Pixel Tactics","Pixel Tactics",1512,"125548",False
"Pizza Theory","Pizza Theory",622,"99808",False
"Planet","Planet",2689,"252929",False
"Planet Defenders","Planet Defenders",1815,"204879",False
"Plunderbund","Plunderbund",3508,"251660",False
"Pocket Dungeon Quest","Pocket Dungeon Quest",1430,"163119",False
"Point Salad","Point Salad",2981,"274960",False
"Ponkotsu Factory (","Ponkotsu Factory (ぽんこつファクトリー)",2890,"226264",False
"Porto","Porto",3451,"254619",False
"Poser","Poser",3325,"249500",True
"Potato Man","Potato Man",2401,"137155",False
"Potion Explosion","Potion Explosion",2347,"180974",False
"Potion Explosion","Potion Explosion",3525,"180974",False
"Potion Explosion","Potion Explosion",2760,"180974",False
"POW!","POW!",1701,"207783",True
"POW!","POW!",1620,"207783",True
"Power Grid","Power Grid",628,"2651",False
"Power Grid: The First Sparks","Power Grid: The First Sparks",630,"106662",False
"Praise","Praise",3545,"268251",False
"Pret-a-Porter","Prêt-à-Porter",3393,"87890",False
"Pretending to Grownup","Pretending to Grownup",2170,"209945",False
"Pretending to Grownup","Pretending to Grownup",2895,"209945",False
"The Princess Bride: A Battle of Wits","The Princess Bride: A Battle of Wits",3570,"169459",False
"The Princess Bride: A Battle of Wits","The Princess Bride: A Battle of Wits",3035,"169459",False
"The Princess Bride: Prepare to Die! Again!!","The Princess Bride: Prepare to Die! Again!!",2767,"182604",False
"The Princess Bride: Prepare to Die","The Princess Bride: Prepare to Die",3569,"137348",False
"The Prodigals Club","The Prodigals Club",2157,"181796",False
"Puerto Rico","Puerto Rico",637,"3076",True
"Push Fight","Push Fight",638,"54221",False
"Puzzle Me!","Puzzle Me!",2911,"114050",False
"Puzzle Strike","Puzzle Strike",639,"67928",False
"Pylos","Pylos",641,"1419",True
"Pyramid of Pengqueen","Pyramid of Pengqueen",3105,"36648",False
"The Pyramid's Deadline","The Pyramid's Deadline",2428,"215469",False
"Q.E.","Q.E.",3555,"266830",True
"Q.E.","Q.E.",3532,"266830",True
"The Quacks of Quedlinburg","The Quacks of Quedlinburg",2567,"244521",False
"Quadropolis","Quadropolis",1549,"176396",False
"Quarantine Z","Quarantine Z",3265,"131200",False
"Quarto","Quarto",1661,"681",True
"Queendomino","Queendomino",2016,"232043",False
"Quirky Circuits","Quirky Circuits",2843,"274093",False
"Qwirkle","Qwirkle",654,"25669",False
"Qwirkle","Qwirkle",3502,"25669",False
"Qwixx","Qwixx",2752,"131260",False
"Race for the Chinese Zodiac","Race for the Chinese Zodiac",2824,"231876",False
"Race for the Galaxy","Race for the Galaxy",658,"28143",False
"Raccoon Tycoon","Raccoon Tycoon",3302,"254386",False
"Ragusa","Ragusa",2702,"253635",False
"Raiatea","Raiatea",2685,"256728",False
"Raiders of the North Sea","Raiders of the North Sea",2120,"170042",False
"Rail Pass","Rail Pass",3184,"210908",False
"Railroad Ink: Blazing Red Edition","Railroad Ink: Blazing Red Edition",2421,"251678",False
"Railroad Ink: Blazing Red Edition","Railroad Ink: Blazing Red Edition",2467,"251678",False
"Railroad Ink: Deep Blue Edition","Railroad Ink: Deep Blue Edition",2466,"245654",False
"Raptor","Raptor",1829,"177639",True
"Realm of Sand","Realm of Sand",2456,"256623",False
"Rebel Nox","Rebel Nox",2312,"250878",False
"Re-Chord","Re-Chord",2989,"235071",False
"The Reckoners","The Reckoners",2568,"208024",False
"The Red Dragon Inn 7: The Tavern Crew","The Red Dragon Inn 7: The Tavern Crew",2554,"244258",False
"The Red Dragon Inn: Allies  Spyke and Flower","The Red Dragon Inn: Allies – Spyke and Flower",2780,"249578",False
"The Red Dragon Inn","The Red Dragon Inn",828,"24310",False
"Red November","Red November",669,"36946",False
"Red Scare Redux","Red Scare Redux",2927,"222906",False
"Red7","Red7",1207,"161417",False
"Redshirts","Redshirts",671,"120426",False
"Reef","Reef",2433,"244228",False
"Remember Our Trip","Remember Our Trip",3435,"294230",False
"Renegade","Renegade",2861,"170604",True
"Rent a Hero","Rent a Hero",2522,"135116",False
"Rent a Hero","Rent a Hero",1146,"135116",False
"Rescue Animals","Rescue Animals",3050,"282287",False
"The Resistance","The Resistance",832,"41114",False
"The Resistance: Avalon","The Resistance: Avalon",2828,"128882",False
"Revolution!","Revolution!",673,"34887",False
"Rex: Final Days of an Empire","Rex: Final Days of an Empire",1587,"104363",False
"Reykholt","Reykholt",2644,"241831",False
"Rhino Hero","Rhino Hero",3245,"91514",False
"Rick and Morty: Anatomy Park  The Game","Rick and Morty: Anatomy Park – The Game",2609,"220926",False
"Rick and Morty: Close Rick-Counters of the Rick Kind Deck-Building Game","Rick and Morty: Close Rick-Counters of the Rick Kind Deck-Building Game",2595,"221372",False
"Rick and Morty: Total Rickall Card Game","Rick and Morty: Total Rickall Card Game",2591,"194232",False
"Ricochet Robots","Ricochet Robots",678,"51",False
"Ricochet Robots","Ricochet Robots",1799,"51",False
"Riff Raff","Riff Raff",3274,"118695",False
"Rise of Cthulhu","Rise of Cthulhu",3578,"161719",False
"Rise of Tribes","Rise of Tribes",2245,"202583",False
"Rising Sun","Rising Sun",2324,"205896",False
"Risk 2210 A.D.","Risk 2210 A.D.",3257,"1829",False
"Rival Restaurants","Rival Restaurants",3204,"262114",False
"Rivals for Catan","Rivals for Catan",687,"66056",False
"The River","The River",2431,"257759",True
"Riverboat","Riverboat",2857,"227515",False
"Robin Hood","Robin Hood",3076,0,False
"Robit Riddle","Robit Riddle",2583,0,True
"Robo Rally","Robo Rally",3182,"216201",False
"Robotech: Attack on the SDF-1","Robotech: Attack on the SDF-1",2515,"231476",False
"Robotech: Brace for Impact","Robotech: Brace for Impact",3373,"240006",False
"Robotech: Force of Arms","Robotech: Force of Arms",2815,"235653",False
"Explorers of the North Sea","Explorers of the North Sea",2109,"176371",False
"Roll for Adventure","Roll for Adventure",2990,"255683",False
"ROLL for Your Life, Candyman!","ROLL for Your Life, Candyman!",2469,"254613",False
"Roll Player","Roll Player",2446,"169426",False
"Rooster Rush","Rooster Rush",3120,"195161",False
"Root","Root",2276,"237182",False
"Root","Root",2299,"237182",False
"Rumble Nation","Rumble Nation",3444,"266722",False
"Rune Stones","Rune Stones",3414,"285265",False
"Sabordage","Sabordage",2126,"180943",False
"Sabotage","Sabotage",3500,"252854",True
"Sabotage","Sabotage",3499,"252854",True
"Saboteur","Saboteur",3291,"9220",False
"Saboteur: The Duel","Saboteur: The Duel",3051,"168215",False
"Sagrada","Sagrada",1980,"199561",True
"Sagrada: 5 & 6 Player Expansion","Sagrada: 5 & 6 Player Expansion",3577,"244262",False
"Saint Malo","Saint Malo",2851,"117960",False
"Salem","Salem",1466,"35395",False
"Samurai Spirit","Samurai Spirit",3347,"158900",False
"Samurai Vassal","Samurai Vassal",2453,"234101",False
"San, Ni, Ichi","San, Ni, Ichi",1388,"175086",False
"Sanctum","Sanctum",3394,"276830",True
"Sanctum","Sanctum",3422,"276830",True
"Sanitarium","Sanitarium",709,"97824",True
"Santorini","Santorini",1851,"194655",True
"Scarabya","Scarabya",2277,"244330",False
"Scare It!","Scare It!",2330,"230266",False
"Schmatzspatz","Schmatzspatz",2356,"148533",False
"Schotten Totten","Schotten Totten",2523,"372",False
"Schrodinger's Cats","Schrödinger's Cats",2923,"172235",False
"Schuttel's","Schüttel's",2395,"234846",False
"Scorpius Freighter","Scorpius Freighter",2661,"256669",False
"Scythe","Scythe",1602,"169786",False
"Scythe","Scythe",3584,"169786",False
"Second Chance","Second Chance",2907,"265683",True
"Secret Hitler","Secret Hitler",3003,"188834",False
"Secret Hitler","Secret Hitler",1900,"188834",False
"Secrets","Secrets",1825,"200847",True
"Seikatsu","Seikatsu",1866,"216428",False
"Sekigahara: The Unification of Japan","Sekigahara: The Unification of Japan",718,"25021",False
"Sellswords","Sellswords",1515,"159868",True
"Sengoku Domino","Sengoku Domino",3554,"250951",False
"Sentient","Sentient",1792,"223855",False
"Sentinel Tactics: The Flame of Freedom","Sentinel Tactics: The Flame of Freedom",3166,"146408",False
"Set a Watch","Set a Watch",3357,"228855",False
"Shadow Hunters","Shadow Hunters",727,"24068",False
"Shadowrift","Shadowrift",2987,"112092",False
"Shadowrun: Sprawl Ops","Shadowrun: Sprawl Ops",3369,"253087",False
"Shadows in Kyoto","Shadows in Kyoto",2448,"229741",False
"Shadows: Amsterdam","Shadows: Amsterdam",2480,"246297",False
"Shadowscape","Shadowscape",2478,"200359",False
"Sheriff of Nottingham","Sheriff of Nottingham",3175,"157969",False
"Sheriff of Nottingham","Sheriff of Nottingham",1618,"157969",False
"Sheriff of Nottingham","Sheriff of Nottingham",2864,"157969",False
"Sheriff of Nottingham","Sheriff of Nottingham",1955,"157969",False
"Sherlock Holmes Consulting Detective: Jack the Ripper & West End Adventures","Sherlock Holmes Consulting Detective: Jack the Ripper & West End Adventures",1753,"204305",False
"Shifting Realms","Shifting Realms",2528,"201446",False
"The Shining","The Shining",3538,"298352",True
"Shipwrights of the North Sea","Shipwrights of the North Sea",2117,"75547",False
"Shogunate","Shogunate",2409,"183361",False
"Shop 'N Time","Shop 'N Time",3468,"220672",False
"Shuffle Grand Prix","Shuffle Grand Prix",3550,"256967",False
"Shuffle Grand Prix","Shuffle Grand Prix",3235,"256967",False
"Side Quest","Side Quest",3331,"178450",False
"Sierra West","Sierra West",2977,"257066",False
"Silver","Silver",3201,"278553",False
"Silver","Silver",3200,"278553",False
"Simon's Cat Card Game","Simon's Cat Card Game",1436,"188614",False
"Sinister Six","Sinister Six",3199,"280281",False
"Six Making","Six Making",3328,"149910",False
"Skybridge","Skybridge",744,"23329",False
"Skylands","Skylands",2593,"254976",False
"Slap It!","Slap It!",2853,"216629",False
"Small World","Small World",746,"40692",False
"Small World","Small World",1533,"40692",False
"Small World","Small World",2831,"40692",False
"Smartphone Inc.","Smartphone Inc.",2671,"246684",False
"Smash Up","Smash Up",2602,"122522",False
"Smash Up","Smash Up",1142,"122522",False
"Smash Up: Munchkin","Smash Up: Munchkin",1565,"162559",False
"Smile","Smile",2471,"227893",True
"Snake Oil","Snake Oil",3495,"113289",True
"Snowman Dice","Snowman Dice",3403,"271038",False
"Someone Has Died","Someone Has Died",2243,"223327",False
"Somnium: Rise of Laputa","Somnium: Rise of Laputa",2881,"255255",False
"Sorcerer","Sorcerer",3317,"181819",True
"Sorcerer & Stones","Sorcerer & Stones",2457,"235767",False
"Sorcerer City","Sorcerer City",3524,"235014",False
"Soviet Kitchen Unleashed","Soviet Kitchen Unleashed",2769,"260407",False
"Space Battle Lunchtime Card Game","Space Battle Lunchtime Card Game",3528,"299074",False
"Space Gate Odyssey","Space Gate Odyssey",3022,"266179",False
"Space Park","Space Park",2889,"243358",False
"SPANC: Space Pirate Amazon Ninja Catgirls","SPANC: Space Pirate Amazon Ninja Catgirls",2504,"14535",False
"Sparkle*Kitty","Sparkle*Kitty",1814,"220547",False
"Sparkle*Kitty Nights","Sparkle*Kitty Nights",2875,"252277",False
"Speechless","Speechless",1665,"196105",True
"Spinderella","Spinderella",2378,"171129",False
"Spirit Island","Spirit Island",1727,"162886",False
"Spirits of the Rice Paddy","Spirits of the Rice Paddy",2623,"149119",False
"Splendor","Splendor",2402,"148228",False
"Splendor","Splendor",1972,"148228",False
"Splendor","Splendor",1238,"148228",False
"Spot It!","Spot It!",3029,"119008",False
"Spot It!","Spot It!",1837,"119008",False
"Spot It!","Spot It!",3030,"119008",False
"Spot It!","Spot It!",3028,"119008",False
"Spot It!","Spot It!",3027,"119008",False
"Spyfall","Spyfall",2613,"166384",False
"SpyNet","SpyNet",3108,"229006",False
"Spyrush","Spyrush",1583,0,True
"Squad Leader","Squad Leader",1875,"1035",False
"Squire for Hire","Squire for Hire",3077,"287780",False
"Squirmish","Squirmish",2222,"199497",False
"Star Cartel","Star Cartel",2008,"221233",False
"Star Fluxx","Star Fluxx",767,"102104",False
"Star Munchkin","Star Munchkin",1734,"4095",False
"Star Realms: Frontiers","Star Realms: Frontiers",3334,"230253",True
"Star Trek Chrono-Trek","Star Trek Chrono-Trek",3505,"268276",False
"Star Trek Chrono-Trek","Star Trek Chrono-Trek",3034,"268276",False
"Star Trek: Ascendancy","Star Trek: Ascendancy",2179,"193949",False
"Star Trek: Five-Year Mission","Star Trek: Five-Year Mission",3170,"178613",False
"Star Wars: Outer Rim","Star Wars: Outer Rim",3087,"271896",False
"The Stars Align","The Stars Align",2878,"262262",False
"Starship Samurai","Starship Samurai",2325,"245357",False
"Status Report!","Status Report!",2960,"224937",False
"Steam Park","Steam Park",2145,"121410",False
"Stellar Leap","Stellar Leap",3527,"230570",False
"Stitches: A Card Game of Monstrous Proportions","Stitches: A Card Game of Monstrous Proportions",1609,"205459",False
"Stone Age","Stone Age",780,"34635",True
"Stone Age","Stone Age",2160,"34635",True
"Stone Age: Anniversary","Stone Age: Anniversary",2848,"260678",False
"Stonehenge","Stonehenge",781,"183",False
"Story War","Story War",784,"137550",False
"Strange Vending Machine","Strange Vending Machine",2670,"251854",False
"Stratego","Stratego",2022,"1917",True
"Strawberry Ninja","Strawberry Ninja",2093,"221643",False
"Streaming","Streaming",2699,"257669",False
"CapCom Street Fighter Deck-Building Game","CapCom Street Fighter Deck-Building Game",3581,"145888",False
"Stripes","Stripes",3531,"202584",False
"Student Bodies","Student Bodies",1219,"132799",False
"Subatomic: An Atom Building Game","Subatomic: An Atom Building Game",2389,"207910",False
"Subtext","Subtext",2906,"265684",False
"Succulent","Succulent",3522,"299372",False
"Summer Camp","Summer Camp",3574,"337787",True
"Summoner Wars: Master Set","Summoner Wars: Master Set",791,"93260",False
"Sunny Day","Sunny Day",3329,"231960",False
"Super Camelot","Super Camelot",3504,"257445",False
"Super Hack Override","Super Hack Override",2546,"201971",False
"Super Kitty Bug Slap","Super Kitty Bug Slap",2499,"234316",False
"Super Motherload","Super Motherload",3526,"162286",False
"Super Munchkin","Super Munchkin",792,"16933",False
"Super Punch Fighter","Super Punch Fighter",2865,"276641",False
"Superfight","Superfight",1203,"139443",False
"Surfer","Surfer",2798,"260383",False
"Survive: Escape from Atlantis!","Survive: Escape from Atlantis!",1809,"315048",True
"Sushi Go Party!","Sushi Go Party!",1592,"192291",False
"Sushi Go!","Sushi Go!",1135,"133473",False
"Sushi Roll","Sushi Roll",3475,"271869",False
"Ta-Da!","Ta-Da!",1688,"203716",False
"Tag City","Tag City",2643,"257667",False
"Take 5","Take 5",3052,"10104",False
"Takenoko","Takenoko",800,"70919",False
"Tales & Games: The Hare & the Tortoise","Tales & Games: The Hare & the Tortoise",3157,"130176",False
"Tally Ho!","Tally Ho!",1474,"908",True
"Tannhauser","Tannhäuser",1359,"25261",False
"Tapestry","Tapestry",3392,"286096",True
"Tattoo Stories","Tattoo Stories",3247,"276416",False
"The Tea Dragon Society Card Game","The Tea Dragon Society Card Game",2234,"236709",False
"TEAM3 PINK","TEAM3 PINK",3012,"247694",False
"Teen Titans GO! Deck-Building Game","Teen Titans GO! Deck-Building Game",2615,"221369",False
"Telestrations","Telestrations",809,"46213",False
"Telestrations After Dark","Telestrations After Dark",2376,"173761",False
"Tem-Purr-A","Tem-Purr-A",2521,"95386",False
"Teotihuacan: City of Gods","Teotihuacan: City of Gods",2697,"229853",False
"Terra Mystica","Terra Mystica",1090,"120677",False
"Terra Nova","Terra Nova",811,"20022",True
"Terraforming Mars","Terraforming Mars",1704,"167791",False
"Terraforming Mars","Terraforming Mars",1610,"167791",False
"Terramara","Terramara",3423,"272427",False
"Terror Below","Terror Below",2969,"270138",False
"That's a Question!","That's a Question!",2940,"226322",False
"That's Not Lemonade","That's Not Lemonade",3225,"254923",False
"The Treasure of Montecristo Island","The Treasure of Montecristo Island",3576,"309852",False
"This Game Goes to Eleven","This Game Goes to Eleven",2944,"257411",False
"Thornwatch","Thornwatch",2244,"159011",False
"Three Cheers for Master","Three Cheers for Master",1382,"175961",False
"Three Kingdoms Redux","Three Kingdoms Redux",1499,"145371",False
"Throne of Allegoria","Throne of Allegoria",3437,"282438",False
"Through the Ages: A New Story of Civilization","Through the Ages: A New Story of Civilization",2156,"182028",False
"Through the Ages: A New Story of Civilization","Through the Ages: A New Story of Civilization",848,"182028",False
"Through the Ages: A New Story of Civilization","Through the Ages: A New Story of Civilization",2935,"182028",False
"Through the Desert","Through the Desert",849,"503",False
"Thunderstone Quest","Thunderstone Quest",2662,"215341",False
"Ticket to Ride","Ticket to Ride",2065,"9209",False
"Ticket to Ride","Ticket to Ride",2985,"9209",False
"Ticket to Ride","Ticket to Ride",1751,"9209",False
"Ticket to Ride: Europe","Ticket to Ride: Europe",2064,"14996",False
"Ticket to Ride: Europe","Ticket to Ride: Europe",2986,"14996",False
"Ticket to Ride: First Journey (U.S.","Ticket to Ride: First Journey (U.S.)",1982,"205125",False
"Ticket to Ride: Germany","Ticket to Ride: Germany",1797,"225244",False
"Ticket to Ride Map Collection: Volume 7  Japan & Italy","Ticket to Ride Map Collection: Volume 7 – Japan & Italy",3292,"288679",False
"Ticket to Ride: New York","Ticket to Ride: New York",2841,"253284",False
"Ticket to Ride: New York","Ticket to Ride: New York",2393,"253284",False
"Ticket to Ride: Nordic Countries","Ticket to Ride: Nordic Countries",858,"31627",True
"Ticket to Ride: Rails & Sails","Ticket to Ride: Rails & Sails",1550,"202670",False
"Tigris & Euphrates","Tigris & Euphrates",2858,"42",False
"Tiki Topple","Tiki Topple",863,"34373",False
"Tile Chess","Tile Chess",1571,"581",False
"Time Chase","Time Chase",2950,"276924",False
"Tiny Epic Defenders","Tiny Epic Defenders",3213,"155708",False
"Tiny Epic Defenders","Tiny Epic Defenders",1241,"155708",False
"Tiny Epic Defenders: The Dark War","Tiny Epic Defenders: The Dark War",3209,"228935",False
"Tiny Epic Galaxies","Tiny Epic Galaxies",3211,"163967",False
"Tiny Epic Galaxies: Beyond the Black","Tiny Epic Galaxies: Beyond the Black",3214,"200544",False
"Tiny Epic Kingdoms","Tiny Epic Kingdoms",1298,"148951",False
"Tiny Epic Mechs","Tiny Epic Mechs",3210,"257283",False
"Tiny Epic Quest","Tiny Epic Quest",1656,"201921",False
"Tiny Epic Western","Tiny Epic Western",3215,"180852",False
"Tiny Towns","Tiny Towns",3395,"265736",False
"ToeShamBo","ToeShamBo",2882,"258723",False
"Tokaido","Tokaido",873,"123540",False
"TOKYO COIN LAUNDRY","TOKYO COIN LAUNDRY",3549,"257197",False
"TOKYO GAME SHOW","TOKYO GAME SHOW",3548,"268250",False
"Tokyo Highway","Tokyo Highway",2908,"261901",True
"TOKYO JIDOHANBAIKI","TOKYO JIDOHANBAIKI",2282,"236365",False
"TOKYO JUTAKU","TOKYO JUTAKU",2283,"235360",False
"TOKYO METRO","TOKYO METRO",2284,"235344",False
"TOKYO TSUKIJI MARKET","TOKYO TSUKIJI MARKET",3547,"257198",False
"Toledo","Toledo",3579,"34599",False
"TomaTomato","TomaTomato",2285,"256479",False
"Top Gun Strategy Game","Top Gun Strategy Game",3553,"294348",True
"Topiary","Topiary",2133,"210900",False
"Tournament at Camelot","Tournament at Camelot",3344,"216632",False
"Town Builder: Coevorden","Town Builder: Coevorden",3323,"255633",False
"Trails of Tucana","Trails of Tucana",3380,"283864",False
"Trainmaker","Trainmaker",2604,"129091",False
"Trajan","Trajan",2826,"102680",True
"Trambahn","Trambahn",2167,"175293",False
"Transatlantic","Transatlantic",1998,"163805",True
"Trapwords","Trapwords",2934,"257527",False
"Trash Pandas","Trash Pandas",2773,"216439",True
"Treasure Island","Treasure Island",2439,"242639",True
"Trellis","Trellis",2879,"202582",True
"Trial by Trolley","Trial by Trolley",3561,"282171",False
"Tribe","Tribe",2362,"235760",True
"Tricks and the Phantom","Tricks and the Phantom",2979,"242325",False
"Trismegistus: The Ultimate Formula","Trismegistus: The Ultimate Formula",3430,"281442",False
"Troika","Troika",2286,"240822",True
"Trollfjord","Trollfjord",2636,"257073",False
"Trump, Tricks, Game!","Trump, Tricks, Game!",3264,"15261",False
"Tsuro","Tsuro",895,"16992",False
"Tulip Bubble","Tulip Bubble",2009,"229414",False
"Turin Market","Turin Market",2496,"196392",False
"Twilight Imperium (Fourth Edition","Twilight Imperium (Fourth Edition)",2164,"233078",False
"Twilight Imperium (Fourth Edition","Twilight Imperium (Fourth Edition)",1812,"233078",False
"Twilight of the Gods","Twilight of the Gods",3066,"206904",False
"Twilight Struggle","Twilight Struggle",1462,"12333",False
"Twin It!","Twin It!",2772,"222887",False
"Two Khans","Two Khans",3298,"286892",False
"Two Rooms and a Boom","Two Rooms and a Boom",3236,"134352",False
"Tybor the Builder","Tybor the Builder",1779,"234621",False
"Tzolk'in: The Mayan Calendar","Tzolk'in: The Mayan Calendar",2107,"126163",False
"Ubongo","Ubongo",1409,"16986",False
"Ubongo Extreme","Ubongo Extreme",911,"31479",False
"Ubongo: Duel","Ubongo: Duel",910,"34969",False
"Ubongo! Fun-Size Edition","Ubongo! Fun-Size Edition",2447,"266421",False
"Ukubuwa","Ukubuwa",2633,"268682",False
"Underwater Cities","Underwater Cities",2690,"247763",False
"Underwater Cities","Underwater Cities",3289,"247763",False
"Unexploded Cow","Unexploded Cow",914,"1690",False
"Unicorn Glitterluck: Cloud Stacking","Unicorn Glitterluck: Cloud Stacking",3243,"269623",False
"Unicorn Glitterluck: Cloud Stacking","Unicorn Glitterluck: Cloud Stacking",1680,"269623",False
"Unmatched: Battle of Legends, Volume One","Unmatched: Battle of Legends, Volume One",3473,"274637",False
"UNO","UNO",2058,"2223",False
"Unstable Unicorns","Unstable Unicorns",2202,"234190",False
"Until Daylight","Until Daylight",2997,"260635",False
"Untold: Adventures Await","Untold: Adventures Await",3072,"226588",False
"Uxmal","Uxmal",3387,"286829",False
"Valletta","Valletta",1839,"218920",False
"Valley of the Vikings","Valley of the Vikings",3371,"269526",False
"Vast: The Crystal Caverns","Vast: The Crystal Caverns",1574,"170416",False
"Vegas Wits & Wagers","Vegas Wits & Wagers",3203,"229967",False
"Velociraptor! Cannibalism!","Velociraptor! Cannibalism!",1083,"120906",False
"Venture Party","Venture Party",2171,"208360",False
"Venture Party","Venture Party",2094,"208360",False
"Visitor in Blackwood Grove","Visitor in Blackwood Grove",2142,"231223",False
"Volcanic Isle","Volcanic Isle",3155,"280143",False
"Wakening Lair","Wakening Lair",2560,"239877",False
"Walk the Plank: Deluxe Edition","Walk the Plank: Deluxe Edition",3185,"219621",False
"The Walking Dead: Something to Fear","The Walking Dead: Something to Fear",3516,"266842",False
"Walking in Burano","Walking in Burano",2626,"257769",False
"Walls of York","Walls of York",3081,"247980",False
"War Chest","War Chest",2607,"249259",False
"Warsaw: City of Ruins","Warsaw: City of Ruins",2658,"206803",False
"Wasteland Express Delivery Service","Wasteland Express Delivery Service",3196,"195560",False
"Waterworks","Waterworks",3044,"333",False
"Wavelength","Wavelength",3541,"262543",True
"Wazabi","Wazabi",1695,"48979",False
"We Didn't Playtest This At All","We Didn't Playtest This At All",939,"31016",False
"We're Doomed!","We're Doomed!",2874,"264806",False
"Weave","Weave",3337,0,False
"Web of Spies","Web of Spies",2903,"300148",True
"Welcome To...","Welcome To...",2763,"233867",False
"Werewords Deluxe Edition","Werewords Deluxe Edition",2422,"245422",False
"What's Up","What's Up",2329,"201054",False
"Whitehall Mystery","Whitehall Mystery",2071,"190082",False
"Whozit?","Whozit?",3477,"218126",False
"Wildlands","Wildlands",2485,"244654",True
"Wingspan","Wingspan",2836,"266192",False
"Wits & Wagers","Wits & Wagers",1465,"20100",False
"Wok Star","Wok Star",2296,"71655",False
"Wordsmith","Wordsmith",3309,"274296",True
"Wordwright","Wordwright",1324,"186690",False
"Works, the","Works, the",2353,0,True
"World Championship Russian Roulette","World Championship Russian Roulette",1780,"179245",False
"World Shapers","World Shapers",3057,"270635",False
"Ya Blew It!","Ya Blew It!",2228,"247191",False
"YeahNOPE","YeahNOPE",2229,"247185",False
"Yogi","Yogi",1893,"224271",False
"YOU are the Maniac!","YOU are the Maniac!",2168,"129290",False
"Yukon Airways","Yukon Airways",3433,"283294",False
"Yummy Yummy Pancake","Yummy Yummy Pancake",3238,"220741",False
"Zendo","Zendo",2313,"6830",False
"Zogen","Zogen",2427,"249289",False
"Zombie Dice","Zombie Dice",979,"62871",False
"Zombie Fluxx","Zombie Fluxx",980,"29387",False
"Zombies!!! 4: The End...","Zombies!!! 4: The End...",1112,"10167",False
